fecha,serie,GHI_real,pred_SARIMAX,pred_RF,pred_XGBoost,pred_LSTM
2025-10-20,GHI_Diaria,6299.3097,6502.759911670011,6052.656573000012,6149.514,5771.0913
2025-10-21,GHI_Diaria,5339.796,6698.731211789322,6037.207403000008,6360.52,5856.445
2025-10-22,GHI_Diaria,3876.4906,5058.171378704492,5208.880997500001,5409.0044,5585.4336
2025-10-23,GHI_Diaria,5272.7895,5789.3982940773585,5777.481188000001,5679.4526,5067.336
2025-10-24,GHI_Diaria,5138.7599,6140.486809879259,6032.2547104999985,5934.525,5258.914
2025-10-25,GHI_Diaria,5355.8845,5700.164887855713,5760.136767000001,5561.952,5234.8696
2025-10-26,GHI_Diaria,4071.4826000000003,4933.082117990545,5108.2500435,4969.9204,5201.3066
2025-10-27,GHI_Diaria,5593.313700000001,5078.775287304881,5202.6021335,5393.024,4858.5913
2025-10-28,GHI_Diaria,4372.5918,4164.02533255158,4443.048343500006,4160.702,5107.8604
2025-10-29,GHI_Diaria,3273.285,3803.591891242129,4076.4982245000074,4086.3735,4859.1606
2025-10-30,GHI_Diaria,4143.0179,4810.6346624250145,4613.102230499999,4628.2534,4576.969
2025-10-31,GHI_Diaria,5571.8234999999995,4968.277648583995,5047.648405999999,5080.9404,4742.2095
2025-11-01,GHI_Diaria,2872.4814,3267.9550257194874,3423.652374500005,3271.6045,5012.997
2025-11-02,GHI_Diaria,4843.7113,4227.735460920034,4364.085120500001,4214.6406,4488.887
2025-11-03,GHI_Diaria,4422.8836,4942.2869917090375,5221.553248499996,5315.5835,4863.6206
2025-11-04,GHI_Diaria,5416.2053,5467.366812855554,5652.358457000002,5731.9688,4893.0806
2025-11-05,GHI_Diaria,6205.1815,5320.135629545372,5650.485684499996,5698.5244,5149.9614
2025-11-06,GHI_Diaria,7268.7207,5450.94379326396,5729.5350305000065,5818.056,5367.666
2025-11-07,GHI_Diaria,7171.0023,5971.236544725772,6194.471484000008,6417.9077,5640.7095
2025-11-08,GHI_Diaria,3936.6794,4874.857050305615,5501.283143,5640.9194,5688.319
2025-11-09,GHI_Diaria,5071.5069,5908.78813159488,5618.972519500002,5621.691,4891.0117
2025-11-10,GHI_Diaria,5740.517,5781.492929670528,5628.1735,5764.7104,5012.8604
2025-11-11,GHI_Diaria,5487.3615,5950.976137249053,5805.415158500001,5820.3486,5120.397
2025-11-12,GHI_Diaria,4665.7963,5379.7809990465275,5484.699048000001,5628.972,5113.358
2025-11-13,GHI_Diaria,5493.1909,5729.73366884567,5623.475650499999,5821.989,4893.341
2025-11-14,GHI_Diaria,6927.892,6884.98497684858,5986.601843999998,6235.672,5026.8135
2025-11-15,GHI_Diaria,6893.590200000001,6758.505181467376,6454.680061500003,6397.391,5423.2866
2025-11-16,GHI_Diaria,6333.5127,6669.258609988277,6391.612534500002,6244.501,5463.987
2025-11-17,GHI_Diaria,5577.2906,6350.6782350353005,6013.974626499998,6024.2017,5332.9946
2025-11-18,GHI_Diaria,4030.8903,5108.432798901747,5268.204256000005,5276.898,5115.2295
2025-11-19,GHI_Diaria,5838.3009999999995,6576.004296742827,5715.380885000005,5811.0947,4671.3794
2025-11-20,GHI_Diaria,5830.6930999999995,7001.787154234766,5998.501847000002,6259.0605,5101.5703
2025-11-21,GHI_Diaria,5120.8106,6574.8977474202175,5860.196535500002,5897.0083,5234.9043
2025-11-22,GHI_Diaria,5455.7769,6996.262471010847,5808.6071265,6231.456,5139.259
2025-11-23,GHI_Diaria,4752.3002,6487.924357721784,5798.727439499997,5954.899,5242.7246
2025-11-24,GHI_Diaria,5015.8302,6012.889163392105,5598.482464999997,5736.9077,5057.2773
2025-11-25,GHI_Diaria,5532.9929,6540.644859644056,5729.139361499997,5954.3804,4992.511
2025-11-26,GHI_Diaria,5913.6071,6990.17157076141,5908.709332000001,6171.975,5078.2007
2025-11-27,GHI_Diaria,4796.8117999999995,5992.80465961508,5789.584334000003,5797.5474,5205.897
2025-11-28,GHI_Diaria,5400.5773,5679.914573623186,5369.440562,5637.212,4932.5386
2025-11-29,GHI_Diaria,3212.9148999999998,4474.431357183818,4430.284623000002,4026.3467,4947.851
2025-11-30,GHI_Diaria,4285.8901,4802.184377288327,4576.0004619999945,5077.909,4429.8394
2025-12-01,GHI_Diaria,4587.8222000000005,4789.104954903095,4658.918849,4529.6367,4542.483
2025-12-02,GHI_Diaria,4303.9055,4309.998251655105,4430.761335500006,4410.745,4608.3438
2025-12-03,GHI_Diaria,3733.3878,4151.1364157466,3697.1739715000044,3810.2788,4532.8057
2025-12-04,GHI_Diaria,4802.0652,4336.601903853536,4334.744660000007,4466.6567,4392.564
2025-12-05,GHI_Diaria,5992.2726,4755.3988255073045,4434.478813500001,4432.1284,4610.8574
2025-12-06,GHI_Diaria,5083.9726,5239.324158852046,5510.350221000003,4992.2134,4948.401
2025-12-07,GHI_Diaria,4769.805,4888.26370303624,4495.428423000001,4274.79,4827.414
2025-12-08,GHI_Diaria,5448.4158,5090.381552560676,4489.2581869999985,4418.0117,4753.7476
2025-12-09,GHI_Diaria,5827.2843,6016.701226425193,5492.2093090000035,5163.7197,4923.4937
2025-12-10,GHI_Diaria,5384.3077,5824.2048181855325,5779.925333500005,5320.4795,5129.4995
2025-12-11,GHI_Diaria,4962.0141,5201.3457405653135,4513.906913499995,4155.743,5080.9917
2025-12-12,GHI_Diaria,4595.9739,5254.264489749201,4585.661701499995,4287.7227,4975.801
2025-12-13,GHI_Diaria,4189.3902,5152.0105398491205,4526.827720499998,4421.6353,4884.1597
2025-12-14,GHI_Diaria,4425.5019,5057.653046568021,4570.936170000003,4395.189,4787.295
2025-12-15,GHI_Diaria,5165.9976,5356.563444569948,4726.402390499999,4435.983,4753.995
2025-12-16,GHI_Diaria,6647.3016,5754.358638543468,5270.223569500005,5042.863,4971.6377
2025-12-17,GHI_Diaria,5427.7159,5640.798119026944,6573.415979500003,5889.019,5377.397
2025-12-18,GHI_Diaria,5239.9533,5233.375566309244,4681.118734499994,4298.7,5130.7695
2025-12-19,GHI_Diaria,5073.9933,5621.042962749286,5112.539526499999,4838.938,4974.033
2025-12-20,GHI_Diaria,4895.6005,5210.347225246911,4517.384252499996,4290.43,4951.5615
2025-12-21,GHI_Diaria,4641.984,4887.772113616147,4675.439981500004,4281.503,4853.798
2025-12-22,GHI_Diaria,5240.9081,5792.596391491076,5121.839246499999,4992.4355,4706.3906
2025-12-23,GHI_Diaria,6062.7043,6208.679569488087,5348.777014500005,5161.739,4898.4087
2025-12-24,GHI_Diaria,5442.0428,5990.768673889528,6016.330491000006,5457.34,5177.9663
2025-12-25,GHI_Diaria,3789.3938,5448.501953544899,4715.369003499994,4353.408,5095.321
2025-12-26,GHI_Diaria,5552.4247,6448.0398679716245,5339.067631000007,5217.3896,4788.266
2025-12-27,GHI_Diaria,4178.0111,5664.841203008091,5295.001865500001,4953.8145,5170.6577
2025-12-28,GHI_Diaria,6226.6056,6549.52396762295,5335.876716500006,5150.602,4920.1094
2025-12-29,GHI_Diaria,5512.4908,6137.684949183551,6127.996356500001,5638.3877,5393.289
2025-12-30,GHI_Diaria,5538.5095,6314.591503840205,5550.546641000006,5229.4653,5304.4297
2025-12-31,GHI_Diaria,6385.1878,5937.101723298846,5722.124594500002,5561.997,5319.1416
2025-10-20,GHI_Manana,3193.1043999999997,3229.3985649062165,3119.7116235000008,3090.316,2727.4954
2025-10-21,GHI_Manana,2490.2043000000003,3571.724070224661,3108.006021000004,3185.4265,2720.4001
2025-10-22,GHI_Manana,2653.9079,3325.02079658047,3183.9714964999976,3355.729,2659.8052
2025-10-23,GHI_Manana,2725.8876,3066.5742266313773,3040.146095,3121.4702,2656.5972
2025-10-24,GHI_Manana,2654.4840999999997,3441.473032409024,3231.376577,3307.096,2656.5586
2025-10-25,GHI_Manana,3180.2927,3409.5346695570197,3218.280691499999,3161.44,2628.7446
2025-10-26,GHI_Manana,2073.1967,2971.2522572161506,3099.0451925,3175.7058,2639.4446
2025-10-27,GHI_Manana,3292.5026000000003,3069.3049738807695,2991.2552220000007,3115.9968,2609.4622
2025-10-28,GHI_Manana,2708.1027,2674.7715842309176,2927.771055500002,2808.4797,2666.3525
2025-10-29,GHI_Manana,1008.4884,1675.4429082981123,1561.4252120000006,1299.8444,2628.6934
2025-10-30,GHI_Manana,1683.295,2240.126018452524,2117.3650295000007,1935.7203,2529.7478
2025-10-31,GHI_Manana,3350.6165,2960.5311346932926,2824.7388715000006,2739.8804,2482.8652
2025-11-01,GHI_Manana,1085.1776,1762.1158187918654,2048.9624900000026,1908.6804,2553.4783
2025-11-02,GHI_Manana,2968.4049999999997,2460.0320506709277,2208.5640550000007,2199.583,2511.3455
2025-11-03,GHI_Manana,2202.2859,2584.1180757970533,2628.990858000002,2486.5781,2595.3516
2025-11-04,GHI_Manana,2742.9151,2662.405618345784,2631.177078500001,2491.4048,2543.6492
2025-11-05,GHI_Manana,3411.5793,2987.197986387666,2910.8443185000006,3039.1775,2552.8425
2025-11-06,GHI_Manana,3767.9038,2589.940054114702,2814.8095344999997,2864.3447,2597.986
2025-11-07,GHI_Manana,3902.493,2975.554889184276,2967.610964,3000.5208,2644.4058
2025-11-08,GHI_Manana,2090.1913,2692.388140595646,2928.3912205000006,2685.132,2629.0356
2025-11-09,GHI_Manana,2769.8064999999997,3172.130923521678,2899.207214500001,3080.6792,2514.2473
2025-11-10,GHI_Manana,3343.9965,3116.255460991162,2878.5275220000003,3214.8071,2543.1553
2025-11-11,GHI_Manana,3040.7797,3178.7853433976134,3024.9928310000023,3171.3328,2607.3206
2025-11-12,GHI_Manana,2272.7011,2826.5092443526337,2836.4529365,3076.424,2624.367
2025-11-13,GHI_Manana,3003.6948,3119.63680566197,2721.2082350000023,2820.8235,2602.8877
2025-11-14,GHI_Manana,3760.3945,3434.4516089451727,2983.391128500001,3156.4282,2614.6453
2025-11-15,GHI_Manana,3756.887,3472.8040472863368,3103.5707035000028,3233.4211,2637.8518
2025-11-16,GHI_Manana,3486.9017,3296.182948536399,3057.823485500002,3240.4,2632.1387
2025-11-17,GHI_Manana,3226.8959,3505.218312218769,3079.1689550000037,3206.595,2604.3347
2025-11-18,GHI_Manana,1734.9042,2649.0719591486486,2862.9222985000024,2823.1504,2572.8677
2025-11-19,GHI_Manana,3199.8067,3308.6922563290627,2813.0500858333335,2850.6675,2515.5227
2025-11-20,GHI_Manana,2971.1054999999997,3430.2707351139534,2949.572110000004,2971.836,2594.8604
2025-11-21,GHI_Manana,2478.5123,3320.3520638574855,2859.353389000002,2906.2925,2620.5366
2025-11-22,GHI_Manana,2780.8892,3612.6467817251814,2861.1402939999994,2856.6213,2622.5422
2025-11-23,GHI_Manana,2472.1064,3371.155510945282,2932.490815000001,3030.426,2623.2366
2025-11-24,GHI_Manana,2674.2125,3267.916243715745,2847.258479000001,2791.6924,2598.927
2025-11-25,GHI_Manana,2849.8881,3352.0167697309016,2928.9993565,2949.9812,2573.0396
2025-11-26,GHI_Manana,3131.9111,3302.012852302204,2898.4027710000005,3009.6907,2550.1394
2025-11-27,GHI_Manana,2470.7065,3208.7427205094,2998.319856000002,3141.288,2576.7603
2025-11-28,GHI_Manana,3098.2019,3232.103977735831,2700.952423500001,2837.1135,2551.9546
2025-11-29,GHI_Manana,1374.6109999999999,2430.0424747289435,2896.6027150000004,2688.5425,2537.9014
2025-11-30,GHI_Manana,2438.6937,2762.363646154646,2459.9114955,2569.4854,2467.205
2025-12-01,GHI_Manana,2670.8036,2541.6101759073,2280.2216375000016,2249.839,2522.339
2025-12-02,GHI_Manana,2573.2993,2656.6008634386176,2494.1537764999985,2361.1978,2509.5085
2025-12-03,GHI_Manana,1920.3944999999999,2278.4483199925735,2208.306697499999,2041.3099,2465.2573
2025-12-04,GHI_Manana,2865.483,2549.1307517630808,2334.633331000002,2329.868,2422.9312
2025-12-05,GHI_Manana,3232.4949,2403.3914860927284,2393.1816865000014,2168.3474,2474.8794
2025-12-06,GHI_Manana,2469.8831,2680.7366650222903,2817.8201985000032,2770.7383,2510.3696
2025-12-07,GHI_Manana,2180.6968,2348.4071651626377,2388.051792000005,2096.1304,2468.1006
2025-12-08,GHI_Manana,2725.1135999999997,2503.316036610638,2365.829842500004,2348.9182,2515.142
2025-12-09,GHI_Manana,2976.1941,2873.1234892399652,2628.386989250002,2746.32,2588.388
2025-12-10,GHI_Manana,2771.6179,2898.0754773506233,2723.2610677500033,2852.8032,2607.191
2025-12-11,GHI_Manana,2588.5976,2622.445955814518,2507.892295000002,2532.301,2594.6023
2025-12-12,GHI_Manana,2575.9836999999998,2612.4185213401433,2569.591283500001,2617.2063,2591.371
2025-12-13,GHI_Manana,2349.2914,2937.2357737779603,2637.2531322500013,2769.4304,2568.9514
2025-12-14,GHI_Manana,2259.6917000000003,2712.3514002919987,2531.2785824999996,2498.567,2543.1062
2025-12-15,GHI_Manana,2577.8939,2571.600866556988,2440.4533135000024,2355.137,2526.5132
2025-12-16,GHI_Manana,3500.2075,2437.5547221507763,2475.552354000002,2192.8635,2570.641
2025-12-17,GHI_Manana,2664.2989,2721.545991371494,2979.627455000001,2918.6477,2650.9414
2025-12-18,GHI_Manana,2657.185,2460.824366603772,2426.607299000005,2211.0981,2580.1748
2025-12-19,GHI_Manana,2428.3027,2774.0067968150925,2535.5119052500017,2670.348,2548.7131
2025-12-20,GHI_Manana,2469.4056,2475.882175183233,2411.051586500005,2196.3157,2528.0908
2025-12-21,GHI_Manana,2596.1893,2452.5209179568005,2264.741981000004,1919.8727,2529.0215
2025-12-22,GHI_Manana,2826.8169,2612.4101929061935,2425.122607500002,2493.079,2516.547
2025-12-23,GHI_Manana,2980.6898,2780.694529275994,2597.1198302500025,2703.194,2537.9468
2025-12-24,GHI_Manana,2447.1252,2709.9028407110472,2657.436371000002,2561.5957,2559.1072
2025-12-25,GHI_Manana,1241.8826,2400.085097815049,2187.2280800000026,1889.846,2534.3904
2025-12-26,GHI_Manana,2600.125,2789.0063063569123,2328.6553191666662,2237.917,2476.0322
2025-12-27,GHI_Manana,1862.8899000000001,2865.602913384184,2545.142792750004,2658.7537,2548.955
2025-12-28,GHI_Manana,2950.9001,2937.227445344012,2476.947071166668,2263.2156,2510.606
2025-12-29,GHI_Manana,2551.0846,2569.1606354099854,2532.915876500004,2429.3975,2575.9365
2025-12-30,GHI_Manana,2607.3048,2706.521496527827,2407.6838120000016,2270.0403,2585.277
2025-12-31,GHI_Manana,2966.2971000000002,2803.1396587680556,2519.9127012500016,2577.0889,2577.4744
2025-10-20,GHI_Tarde,3106.2053,3207.831966694841,2896.672884000001,3008.2092,2927.801
2025-10-21,GHI_Tarde,2849.5917,3157.6991099389716,2930.363817500002,2861.203,2971.0652
2025-10-22,GHI_Tarde,1222.5827,2160.448997517509,2203.703659499999,1913.9961,2826.9104
2025-10-23,GHI_Tarde,2546.9019000000003,2790.938798424142,2815.619940000002,2482.896,2269.1885
2025-10-24,GHI_Tarde,2484.2758,2819.9392534210638,2734.329196000002,2537.3496,2639.7236
2025-10-25,GHI_Tarde,2175.5918,2529.215791596704,2494.637883499997,2269.438,2571.8625
2025-10-26,GHI_Tarde,1998.2859,2237.115700457729,2370.3404654999986,2286.6648,2410.777
2025-10-27,GHI_Tarde,2300.8111,2277.5094192520537,2434.9888779999974,2149.3196,2264.2522
2025-10-28,GHI_Tarde,1664.4891,1861.224701546042,2152.603666,1861.3679,2329.7778
2025-10-29,GHI_Tarde,2264.7966,2153.2514136652044,2224.126389999997,1992.5634,2187.7559
2025-10-30,GHI_Tarde,2459.7229,2528.781701413951,2397.6604019999954,2268.922,2405.338
2025-10-31,GHI_Tarde,2221.207,2238.794082360814,2464.394859499996,2247.3767,2562.0908
2025-11-01,GHI_Tarde,1787.3038000000001,1723.11603451067,1928.8166030000004,1922.0822,2402.388
2025-11-02,GHI_Tarde,1875.3063,1993.766050374759,2112.9685439999994,1947.3951,2245.3018
2025-11-03,GHI_Tarde,2220.5977000000003,2409.140178171614,2434.878590000002,2224.773,2395.3748
2025-11-04,GHI_Tarde,2673.2902,2719.901356155869,2785.6941415,2648.3784,2580.5933
2025-11-05,GHI_Tarde,2793.6022,2436.8042013753575,2461.434888499999,2230.0503,2745.257
2025-11-06,GHI_Tarde,3500.8169000000003,2736.8965271892794,2877.3129865000005,2597.9602,2728.2944
2025-11-07,GHI_Tarde,3268.5093,2877.0901473503286,3039.4041825000063,2788.3997,2954.2068
2025-11-08,GHI_Tarde,1846.4881,2276.0685018813692,2364.4594819999966,2048.7087,2918.5208
2025-11-09,GHI_Tarde,2301.7004,2716.233432365606,2835.1818030000013,2655.4453,2472.9114
2025-11-10,GHI_Tarde,2396.5205,2654.0853362936787,2654.9390449999987,2547.5232,2573.0735
2025-11-11,GHI_Tarde,2446.5818,2730.416864365817,2754.3474550000014,2637.7524,2502.8018
2025-11-12,GHI_Tarde,2393.0952,2526.2046727703073,2599.8974765,2500.0452,2496.974
2025-11-13,GHI_Tarde,2489.4961,2599.019318179115,2626.807482499999,2498.0642,2380.585
2025-11-14,GHI_Tarde,3167.4975,3212.1043020409147,2900.1508525,2933.625,2385.4639
2025-11-15,GHI_Tarde,3136.7032,3099.4255544095154,3027.028342500003,2901.3247,2671.3994
2025-11-16,GHI_Tarde,2846.611,3129.293132590744,3035.108058500004,2933.2495,2588.746
2025-11-17,GHI_Tarde,2350.3947,2792.469690136256,2800.158235000003,2794.9712,2546.6099
2025-11-18,GHI_Tarde,2295.9861,2404.09174205753,2572.8046634999955,2533.7612,2336.9485
2025-11-19,GHI_Tarde,2638.4943,3043.294419414191,2907.4750265000016,2699.5935,2239.4717
2025-11-20,GHI_Tarde,2859.5876,3263.2127895323492,3027.4499970000006,2857.7207,2529.6638
2025-11-21,GHI_Tarde,2642.2983,3026.2609913704714,2961.3320170000015,2685.3804,2619.4
2025-11-22,GHI_Tarde,2674.8876999999998,3150.376404627159,2992.969284500002,2811.8098,2523.5151
2025-11-23,GHI_Tarde,2280.1938,2928.116460891534,2908.0448200000014,2793.431,2586.6802
2025-11-24,GHI_Tarde,2341.6177,2654.8696717966077,2793.590495000003,2698.2354,2421.7415
2025-11-25,GHI_Tarde,2683.1048,2965.336513237722,2830.6667490000027,2687.598,2353.6077
2025-11-26,GHI_Tarde,2781.696,3295.4221619180753,3038.1301890000013,2933.8757,2501.533
2025-11-27,GHI_Tarde,2326.1052999999997,2659.918253366235,2893.840735500001,2803.1277,2582.8235
2025-11-28,GHI_Tarde,2302.3754,2429.001242742213,2571.788538499998,2506.9497,2319.3403
2025-11-29,GHI_Tarde,1838.3039,2037.2892597209614,2228.7478274999985,2251.2207,2299.9873
2025-11-30,GHI_Tarde,1847.1964,2074.998074917695,2266.2119839999978,2183.3875,2093.7812
2025-12-01,GHI_Tarde,1917.0186,2182.2925211959555,2344.1976099999983,2134.542,2115.4429
2025-12-02,GHI_Tarde,1730.6062,1788.298405619941,1980.0400200000006,1918.6066,2222.606
2025-12-03,GHI_Tarde,1812.9933,1881.8486689311453,1973.599415,1987.5442,2126.9573
2025-12-04,GHI_Tarde,1936.5822,1857.70730789886,2105.249955,1935.9031,2193.4353
2025-12-05,GHI_Tarde,2759.7777,2218.53145579622,2352.756271999999,2250.5774,2296.7524
2025-12-06,GHI_Tarde,2614.0895,2395.0774256204013,2588.6273279999955,2593.108,2620.9995
2025-12-07,GHI_Tarde,2589.1082,2332.781942076068,2551.8829894999963,2470.8804,2552.3433
2025-12-08,GHI_Tarde,2723.3022,2383.573469949654,2571.0581194999963,2536.5293,2488.8684
2025-12-09,GHI_Tarde,2851.0902,2812.646752322321,2949.7339265000046,2782.2214,2509.9414
2025-12-10,GHI_Tarde,2612.6898,2663.2806337580732,2962.553992500003,2733.4646,2643.56
2025-12-11,GHI_Tarde,2373.4165,2384.8362503230355,2563.404670999999,2472.2422,2531.78
2025-12-12,GHI_Tarde,2019.9902,2423.969883530343,2524.5982499999977,2463.1802,2441.2827
2025-12-13,GHI_Tarde,1840.0988,2174.862507566981,2344.133791499999,2221.6355,2400.7363
2025-12-14,GHI_Tarde,2165.8102,2229.184639738063,2374.8758719999973,2266.9946,2321.6165
2025-12-15,GHI_Tarde,2588.1037,2508.1080803814257,2433.969188499998,2578.0923,2388.181
2025-12-16,GHI_Tarde,3147.0941000000003,2851.1350335441566,2980.4683655000035,2884.255,2600.461
2025-12-17,GHI_Tarde,2763.417,2617.117604445975,2748.9607795,2866.3562,2804.769
2025-12-18,GHI_Tarde,2582.7683,2478.881852002685,2523.102189999995,2587.3381,2591.245
2025-12-19,GHI_Tarde,2645.6906,2570.5932165119966,2542.228411999998,2498.037,2476.0623
2025-12-20,GHI_Tarde,2426.1949,2450.7888937040316,2556.092265999997,2443.7156,2518.5554
2025-12-21,GHI_Tarde,2045.7947,2241.803739534324,2447.1629794999953,2415.4812,2429.0105
2025-12-22,GHI_Tarde,2414.0912,2772.387145062637,2807.4707310000026,2702.5803,2255.6584
2025-12-23,GHI_Tarde,3082.0144999999998,2963.0324093432137,2898.072155000001,2726.1118,2515.5942
2025-12-24,GHI_Tarde,2994.9175999999998,2851.895334409416,3052.1952660000043,2986.722,2729.1968
2025-12-25,GHI_Tarde,2547.5112,2649.280252895404,2507.742585499997,2476.3108,2668.9888
2025-12-26,GHI_Tarde,2952.2997,3120.5571049064074,2918.3046580000005,2822.1245,2599.1365
2025-12-27,GHI_Tarde,2315.1212,2541.7933470930934,2449.8933029999976,2519.1235,2846.9595
2025-12-28,GHI_Tarde,3275.7055,3107.5960951730963,2907.550286500001,2754.751,2560.9724
2025-12-29,GHI_Tarde,2961.4062,3026.493589735825,3105.378169000007,2980.4707,2970.3464
2025-12-30,GHI_Tarde,2931.2047000000002,3072.916050380848,2967.673420000002,2770.4265,2815.0925
2025-12-31,GHI_Tarde,3418.8907,2762.6322132868836,2980.1389230000013,2803.2205,2843.1282
2025-10-20,GHI_hora_07h,296.8932,290.32897656476655,232.0558174999999,197.2693,261.14597
2025-10-21,GHI_hora_07h,312.5044,268.50056188616827,207.3352470000001,151.8145,261.48523
2025-10-22,GHI_hora_07h,289.0052,268.8858441815653,212.43219550000006,161.88339,253.01186
2025-10-23,GHI_hora_07h,290.405,283.5381883758875,225.97797749999998,150.02057,246.43437
2025-10-24,GHI_hora_07h,211.2949,252.4166688592286,199.33837150000002,137.09734,245.15457
2025-10-25,GHI_hora_07h,342.2942,253.71780936475287,148.4531959999997,145.60704,230.15875
2025-10-26,GHI_hora_07h,191.2045,278.1491115244111,210.511753,162.525,232.7338
2025-10-27,GHI_hora_07h,282.5994,301.4335067605715,283.9640340000002,310.4028,231.2225
2025-10-28,GHI_hora_07h,227.5978,289.0484833341421,227.15622600000017,224.85918,241.57494
2025-10-29,GHI_hora_07h,58.8056,275.4845136767949,174.65730649999975,173.99832,232.23778
2025-10-30,GHI_hora_07h,87.7061,257.6964901928966,154.31547549999974,182.63757,203.46709
2025-10-31,GHI_hora_07h,313.8054,265.18742629815256,164.71677499999973,182.85655,183.82962
2025-11-01,GHI_hora_07h,80.5921,278.9662227453965,251.624174,285.30267,203.07184
2025-11-02,GHI_hora_07h,262.2949,299.9506949297387,282.20850499999995,296.37003,191.09163
2025-11-03,GHI_hora_07h,127.3929,272.54143479584246,190.52032249999993,228.33159,199.71867
2025-11-04,GHI_hora_07h,221.7024,280.98934688168106,228.60347000000004,187.7633,187.76996
2025-11-05,GHI_hora_07h,246.8978,253.88131600621466,168.67622149999985,164.41635,190.44922
2025-11-06,GHI_hora_07h,335.7072,293.3322968873266,268.8438665000003,277.58282,193.36378
2025-11-07,GHI_hora_07h,332.496,296.5717010059241,274.2895170000001,264.2552,208.31783
2025-11-08,GHI_hora_07h,167.903,259.6431159049099,238.15505300000018,260.85156,218.90543
2025-11-09,GHI_hora_07h,297.2061,262.44409367134426,183.52788149999992,196.37433,202.07191
2025-11-10,GHI_hora_07h,296.3004,303.1037116060811,293.5209655000002,294.8891,217.37405
2025-11-11,GHI_hora_07h,245.6956,280.0009207593585,252.32240200000007,279.45224,235.13159
2025-11-12,GHI_hora_07h,170.5049,272.69298772875436,197.79781849999995,221.5657,236.96768
2025-11-13,GHI_hora_07h,229.3928,289.980836056444,285.20576400000004,291.98657,224.4994
2025-11-14,GHI_hora_07h,303.2003,313.47722831560776,294.43120650000003,293.12384,228.66307
2025-11-15,GHI_hora_07h,356.094,271.9981711659726,253.6174095000001,282.88733,241.21664
2025-11-16,GHI_hora_07h,316.0943,295.39270279724985,284.91610550000007,279.77597,241.26521
2025-11-17,GHI_hora_07h,265.5061,237.27564645644563,240.38756050000015,289.8652,246.05196
2025-11-18,GHI_hora_07h,109.295,233.3048679597913,191.88047499999996,243.87625,227.57709
2025-11-19,GHI_hora_07h,321.1005,301.09068878229033,290.168091,297.35056,204.70107
2025-11-20,GHI_hora_07h,297.7989,266.51455576882756,215.54027449999995,250.01819,231.07416
2025-11-21,GHI_hora_07h,261.5045,253.99671408686672,208.9994590000001,241.0322,242.54645
2025-11-22,GHI_hora_07h,187.697,236.4309442386679,166.39779499999986,210.55919,251.21875
2025-11-23,GHI_hora_07h,177.6024,253.8412594531237,176.01695849999984,187.57787,241.74014
2025-11-24,GHI_hora_07h,224.3043,244.60743835695126,184.5916844999999,191.96895,232.68663
2025-11-25,GHI_hora_07h,237.4948,232.2646391584364,177.64395049999985,169.18834,223.72948
2025-11-26,GHI_hora_07h,264.0075,264.2999388024872,235.48443300000028,236.2507,214.75026
2025-11-27,GHI_hora_07h,225.8028,248.22197121441383,169.29475999999988,206.8689,224.39377
2025-11-28,GHI_hora_07h,295.197,210.98368426527327,178.44575749999981,196.5408,230.1006
2025-11-29,GHI_hora_07h,126.8988,220.39254265455168,234.97987150000023,264.83984,219.22795
2025-11-30,GHI_hora_07h,156.6063,235.93380137245802,187.1006814999998,201.3776,203.9416
2025-12-01,GHI_hora_07h,224.4031,248.20667594418498,257.8143225000003,228.99933,203.5487
2025-12-02,GHI_hora_07h,217.3056,221.0123103090009,177.68602349999983,188.98068,197.79735
2025-12-03,GHI_hora_07h,139.3977,212.59374993177414,179.87653699999987,207.56096,187.64246
2025-12-04,GHI_hora_07h,249.8949,233.02896259463506,188.86113249999988,206.31517,173.13503
2025-12-05,GHI_hora_07h,272.5048,276.3916838644192,246.95423100000008,244.07095,182.45062
2025-12-06,GHI_hora_07h,202.6989,230.07461679325405,154.673627,208.2758,200.87189
2025-12-07,GHI_hora_07h,127.7057,238.29103552180777,160.43248049999985,164.11436,192.59314
2025-12-08,GHI_hora_07h,221.3072,274.34005282650276,198.20563750000008,216.52608,199.70836
2025-12-09,GHI_hora_07h,233.2956,245.40031051206995,167.587544,164.31023,217.37682
2025-12-10,GHI_hora_07h,271.6979,250.74159143142455,198.92155350000016,207.5896,222.0435
2025-12-11,GHI_hora_07h,214.9013,245.48018935254856,169.93136799999996,164.08548,226.40244
2025-12-12,GHI_hora_07h,220.8955,265.5803058519599,203.93641650000023,222.8715,229.25009
2025-12-13,GHI_hora_07h,148.7018,212.09815029938179,133.0440879999999,118.474686,224.51909
2025-12-14,GHI_hora_07h,221.7024,216.94887498889258,157.16072399999993,157.4776,211.44849
2025-12-15,GHI_hora_07h,236.2927,255.63365867102007,195.08717650000008,202.31438,205.3761
2025-12-16,GHI_hora_07h,289.9933,280.2311585521729,188.5988985,197.68257,217.99136
2025-12-17,GHI_hora_07h,229.0963,247.64651260945482,202.76491750000017,218.48744,233.25192
2025-12-18,GHI_hora_07h,187.7958,242.63567635401895,196.09236000000018,193.87958,222.24799
2025-12-19,GHI_hora_07h,217.9972,231.23574995775624,193.73830999999996,193.68117,215.57114
2025-12-20,GHI_hora_07h,195.4038,251.3909449024692,188.65190900000002,208.589,212.84245
2025-12-21,GHI_hora_07h,210.8997,244.86893838453886,185.19043150000005,202.53496,209.97525
2025-12-22,GHI_hora_07h,217.7996,238.36625520419437,181.01360350000002,202.1082,203.6081
2025-12-23,GHI_hora_07h,240.8048,224.99477572162147,185.17338800000002,190.18144,203.11545
2025-12-24,GHI_hora_07h,226.0005,228.02255858889248,189.88532349999994,188.52255,204.46602
2025-12-25,GHI_hora_07h,147.8949,204.02547292529658,163.6261975000001,142.78554,205.51816
2025-12-26,GHI_hora_07h,203.3082,225.407428020241,174.49781399999995,175.2811,198.1426
2025-12-27,GHI_hora_07h,143.4981,164.8628549189267,139.97857000000008,158.96356,201.31958
2025-12-28,GHI_hora_07h,198.7961,215.1153170326796,152.0828775000002,147.7064,189.57025
2025-12-29,GHI_hora_07h,200.2946,230.52336981845804,168.04756350000002,173.86673,204.24028
2025-12-30,GHI_hora_07h,244.3947,227.86786930756594,159.41487150000015,164.46881,210.63828
2025-12-31,GHI_hora_07h,242.3033,247.2646286433959,170.05183300000002,172.13179,214.33505
2025-10-20,GHI_hora_08h,605.396,486.38394521530347,534.1211294999997,568.19165,457.4012
2025-10-21,GHI_hora_08h,556.2075,490.59370139287995,522.352439499999,542.9274,460.42886
2025-10-22,GHI_hora_08h,456.2001,479.21294395320274,552.5283714999994,590.67786,463.19904
2025-10-23,GHI_hora_08h,520.193,472.4411594583127,544.0854615000004,576.41296,456.84344
2025-10-24,GHI_hora_08h,487.9001,471.02819316153773,514.4854794999995,447.30472,454.15033
2025-10-25,GHI_hora_08h,592.5019,455.7408244094291,479.7594834999998,433.07944,451.89703
2025-10-26,GHI_hora_08h,422.9028,475.1753079815208,493.7445379999998,479.2269,451.16476
2025-10-27,GHI_hora_08h,547.595,480.15752344864035,401.41601350000013,422.46863,446.64624
2025-10-28,GHI_hora_08h,503.0009,425.98454312660743,412.6164840000001,340.30597,448.02643
2025-10-29,GHI_hora_08h,154.4984,427.90241769493565,333.05078950000023,236.96245,432.15674
2025-10-30,GHI_hora_08h,212.7935,429.7488386238445,321.3387535000001,213.13393,396.59512
2025-10-31,GHI_hora_08h,579.1962,440.46025911821846,473.0413075,525.0384,376.88727
2025-11-01,GHI_hora_08h,111.9957,436.20875501829113,341.77817200000004,247.59029,399.85397
2025-11-02,GHI_hora_08h,512.305,425.92780598972337,309.99797150000023,244.64134,380.1409
2025-11-03,GHI_hora_08h,317.5929,413.0263939578727,354.4898745000002,352.00067,389.60098
2025-11-04,GHI_hora_08h,410.1075,411.54404918595617,363.38110499999993,390.5014,382.2534
2025-11-05,GHI_hora_08h,498.0935,415.52632097716645,483.4786695000001,564.8576,382.8444
2025-11-06,GHI_hora_08h,603.7986,416.8915853477008,333.7192875000001,368.8182,394.67566
2025-11-07,GHI_hora_08h,612.9052,400.7491987240192,476.87370699999985,524.32623,405.86594
2025-11-08,GHI_hora_08h,317.2965,407.9476912482145,361.66749500000026,383.1033,409.91556
2025-11-09,GHI_hora_08h,546.294,438.06161277307694,491.6393359999999,548.6901,399.40924
2025-11-10,GHI_hora_08h,602.8929,451.1027806506516,513.9552169999995,529.91925,418.67822
2025-11-11,GHI_hora_08h,521.5927,449.1984263468182,490.39577599999967,516.0906,435.1782
2025-11-12,GHI_hora_08h,363.0927,444.26483627387074,518.6440154999997,531.9782,439.1401
2025-11-13,GHI_hora_08h,432.5033,436.3039032595692,506.0553384999998,561.2176,431.28442
2025-11-14,GHI_hora_08h,616.6927,440.2100392051641,516.7314014999998,562.76965,429.36234
2025-11-15,GHI_hora_08h,605.4948,432.1601354886383,489.3370809999995,425.00522,439.52774
2025-11-16,GHI_hora_08h,593.5064,427.0448180818635,501.49209749999943,481.05643,446.5209
2025-11-17,GHI_hora_08h,532.1978,419.3408550216001,500.2329069999994,491.95154,447.03305
2025-11-18,GHI_hora_08h,221.9,408.19546039493764,505.5048194999997,519.1368,442.55743
2025-11-19,GHI_hora_08h,582.0944,446.79322729330204,478.7093565,568.8617,419.60767
2025-11-20,GHI_hora_08h,513.9023,456.43034719712676,481.97815949999944,424.233,437.85782
2025-11-21,GHI_hora_08h,460.1029,448.1684279831906,498.669571,519.46014,449.34598
2025-11-22,GHI_hora_08h,478.102,445.8400432158162,484.8053064999998,461.93015,448.8417
2025-11-23,GHI_hora_08h,352.5041,431.99999516987293,497.4960949999999,519.33673,450.53314
2025-11-24,GHI_hora_08h,442.9932,411.7574273185682,494.0987604999999,571.6998,441.6367
2025-11-25,GHI_hora_08h,476.8998,403.40843030056897,463.16786949999994,466.41525,435.28043
2025-11-26,GHI_hora_08h,524.9027,412.9149334984796,449.5367015000004,467.89304,431.90347
2025-11-27,GHI_hora_08h,403.8004,422.40818572617303,457.2285195000002,471.20944,433.11597
2025-11-28,GHI_hora_08h,483.4045,384.66741626895384,387.5660005000001,435.98376,431.17078
2025-11-29,GHI_hora_08h,191.4022,393.7181850781251,432.73734450000035,462.4122,425.94318
2025-11-30,GHI_hora_08h,405.4966,403.1887213568719,348.7166994999999,353.49854,408.32556
2025-12-01,GHI_hora_08h,408.2961,368.41093313137503,308.18827499999975,297.35318,410.87088
2025-12-02,GHI_hora_08h,426.0975,365.9670756236268,312.3635354999997,297.6056,401.29013
2025-12-03,GHI_hora_08h,159.4057,357.5688607162496,319.22877199999965,290.3057,397.069
2025-12-04,GHI_hora_08h,468.5014,352.154449993797,319.8385640000002,264.91827,374.8875
2025-12-05,GHI_hora_08h,467.7933,358.66011204507686,267.71495199999987,254.60806,378.5393
2025-12-06,GHI_hora_08h,404.0968,365.177132070831,309.3088954999999,281.19858,379.98846
2025-12-07,GHI_hora_08h,263.5958,389.1469218046256,358.6582205000001,313.5491,384.66605
2025-12-08,GHI_hora_08h,441.0006,407.17749810475715,341.580896,324.19705,384.572
2025-12-09,GHI_hora_08h,458.9996,398.8436450527351,347.78857649999986,343.8551,400.53424
2025-12-10,GHI_hora_08h,517.904,393.93418660841604,412.1050090000001,459.9165,411.44437
2025-12-11,GHI_hora_08h,462.3919,400.1071589944245,449.02561649999996,382.21326,422.76486
2025-12-12,GHI_hora_08h,417.9955,371.41623787075844,405.8927895,332.30307,423.41415
2025-12-13,GHI_hora_08h,376.2997,398.4853045299678,402.382824,446.4742,414.3766
2025-12-14,GHI_hora_08h,432.9974,369.84549429143664,390.3854880000007,463.37283,418.2627
2025-12-15,GHI_hora_08h,465.2079,382.504278295648,336.75739400000003,333.34894,417.437
2025-12-16,GHI_hora_08h,560.4067,391.78977857729126,395.5614904999999,385.12708,417.0017
2025-12-17,GHI_hora_08h,479.2053,366.2208503279888,426.50642950000025,361.43692,422.5582
2025-12-18,GHI_hora_08h,436.9002,364.08744412254157,413.1559645000002,289.4206,419.53906
2025-12-19,GHI_hora_08h,380.5977,370.9224874335799,376.39796250000023,429.2856,412.19604
2025-12-20,GHI_hora_08h,413.6974,362.90476467109613,337.1631555000003,299.46573,410.43088
2025-12-21,GHI_hora_08h,474.6932,351.94866962158545,346.4343685000001,316.52798,406.21457
2025-12-22,GHI_hora_08h,400.4081,361.8810968622927,398.6568725000005,379.25858,401.63843
2025-12-23,GHI_hora_08h,503.2973,362.9189014205983,334.05185650000044,319.31775,402.07803
2025-12-24,GHI_hora_08h,365.0029,364.00213787680144,417.4770380000002,382.26575,409.7445
2025-12-25,GHI_hora_08h,172.1022,359.1745558355278,375.2638355000006,396.24045,408.0297
2025-12-26,GHI_hora_08h,396.7029,365.8794600260888,329.94082450000025,307.34802,395.0398
2025-12-27,GHI_hora_08h,227.8942,367.100885171731,390.4133145000003,402.48547,401.5644
2025-12-28,GHI_hora_08h,486.8956,374.3277786021371,361.5268720000003,385.88043,399.7291
2025-12-29,GHI_hora_08h,405.793,366.7132639334955,393.86992950000024,324.91086,412.95016
2025-12-30,GHI_hora_08h,411.7048,371.0623609407385,369.95784100000003,375.21942,412.0581
2025-12-31,GHI_hora_08h,498.604,363.5519610381125,309.9893315000001,263.58902,415.11487
2025-10-20,GHI_hora_09h,775.4068,738.8795460894589,700.5134750000001,694.8193,598.43463
2025-10-21,GHI_hora_09h,576.2979,835.8994881425542,675.0144224999982,655.98663,597.78845
2025-10-22,GHI_hora_09h,736.0,740.2797884638921,706.3882580000007,734.0134,586.0781
2025-10-23,GHI_hora_09h,539.4929,711.5351211996439,699.7889049999995,725.06604,589.46545
2025-10-24,GHI_hora_09h,562.3992,744.834195317167,706.5307840000008,812.55994,579.94727
2025-10-25,GHI_hora_09h,617.302,749.9533171710707,717.3083760000007,795.0942,576.6701
2025-10-26,GHI_hora_09h,469.9999,634.776418488455,645.622076,679.0451,577.7637
2025-10-27,GHI_hora_09h,755.6952,701.3750489460363,674.8875129999999,781.6108,578.33704
2025-10-28,GHI_hora_09h,672.3036,582.0650886594891,600.2589489999998,624.538,588.9343
2025-10-29,GHI_hora_09h,169.698,396.20596391505035,386.8370565000004,344.5818,572.0346
2025-10-30,GHI_hora_09h,373.8954,439.2061297002206,419.0747100000005,486.94135,545.7941
2025-10-31,GHI_hora_09h,697.2025,648.6123519136452,667.2610775,668.141,544.3176
2025-11-01,GHI_hora_09h,145.3919,379.17892317338834,379.03474550000027,381.13837,556.1536
2025-11-02,GHI_hora_09h,753.6038,552.8493739926132,448.15417749999955,486.3298,545.67755
2025-11-03,GHI_hora_09h,455.7061,547.1680383318383,571.8097104999991,628.44,567.41626
2025-11-04,GHI_hora_09h,632.304,569.9096305403616,514.8466225,617.0606,553.17017
2025-11-05,GHI_hora_09h,780.1989,627.5184150289543,613.6998450000003,608.1409,554.01434
2025-11-06,GHI_hora_09h,833.5043,556.9074793648462,565.4276389999991,638.0236,564.69324
2025-11-07,GHI_hora_09h,865.7971,654.2937573534239,673.7358640000001,691.35187,576.8795
2025-11-08,GHI_hora_09h,508.7974,562.5888190623283,582.2562239999992,645.06616,575.8512
2025-11-09,GHI_hora_09h,586.903,726.5441654312356,678.4135425,790.4117,554.5665
2025-11-10,GHI_hora_09h,825.501,720.0268572228731,682.5417050000002,793.5641,563.83386
2025-11-11,GHI_hora_09h,715.9919,707.0652866004943,689.1204034999996,757.15576,581.63184
2025-11-12,GHI_hora_09h,501.2059,626.7149114197747,620.2184999999997,679.6924,585.49066
2025-11-13,GHI_hora_09h,687.2067,687.5782915693591,658.2959775000002,744.5206,578.77625
2025-11-14,GHI_hora_09h,829.9967,808.5096643162008,685.9209284999996,781.4006,579.51
2025-11-15,GHI_hora_09h,822.8004,761.4438233390947,699.8531994999995,772.08875,583.801
2025-11-16,GHI_hora_09h,795.0032,764.674070745353,694.8561249999998,765.18286,585.6505
2025-11-17,GHI_hora_09h,763.2044,718.4198497195666,684.9362439999998,783.1369,575.91705
2025-11-18,GHI_hora_09h,373.4014,539.0437242781015,567.453137999999,618.09845,576.5274
2025-11-19,GHI_hora_09h,738.7995,758.9927310861058,668.4423704999997,663.8512,563.6097
2025-11-20,GHI_hora_09h,607.899,752.5078876750508,667.709156499999,673.5032,581.3393
2025-11-21,GHI_hora_09h,524.7051,731.4138851402165,633.6326270000002,677.1014,585.07684
2025-11-22,GHI_hora_09h,629.6033,800.3772324039662,643.7572889999993,681.01794,586.4846
2025-11-23,GHI_hora_09h,593.6052,709.4839140555218,637.0032814999997,691.8432,586.4605
2025-11-24,GHI_hora_09h,615.7047,715.9931060651165,648.5278430000005,751.58136,584.28217
2025-11-25,GHI_hora_09h,734.7979,681.0934481583115,636.0002490000003,750.3927,576.7959
2025-11-26,GHI_hora_09h,763.2044,714.3536337634481,674.6594385,754.0306,579.64636
2025-11-27,GHI_hora_09h,592.6995,689.1934152724957,685.6378469999999,765.3226,580.5039
2025-11-28,GHI_hora_09h,704.3,692.448011277293,659.7005820000004,775.63715,573.2993
2025-11-29,GHI_hora_09h,249.796,520.392697796744,531.8660494999997,552.6972,566.65186
2025-11-30,GHI_hora_09h,546.9033,564.2039427690542,504.5036094999998,575.6684,551.4752
2025-12-01,GHI_hora_09h,654.2057,519.5567292468833,452.53387400000037,470.191,568.49493
2025-12-02,GHI_hora_09h,632.6003,522.0078214998729,482.9359035,427.38248,562.42957
2025-12-03,GHI_hora_09h,423.792,442.46906627040994,397.7891955000001,330.34488,549.8733
2025-12-04,GHI_hora_09h,700.3972,555.3004719030623,432.8480905000002,441.3027,545.62616
2025-12-05,GHI_hora_09h,734.7979,526.877541207799,509.2308444999999,501.46326,549.71423
2025-12-06,GHI_hora_09h,565.6927,581.2641941458227,579.7052314999995,566.278,551.9095
2025-12-07,GHI_hora_09h,458.0939,467.6211685618493,412.0024120000001,398.48605,551.53253
2025-12-08,GHI_hora_09h,636.4044,584.4863253525673,497.7097565,508.58707,564.3411
2025-12-09,GHI_hora_09h,634.0001,644.5543179498379,582.6512795,619.9174,582.11664
2025-12-10,GHI_hora_09h,674.7078,664.033196781543,588.4928055,621.8047,585.2979
2025-12-11,GHI_hora_09h,585.4044,588.5525413086855,556.7937895,519.92413,586.4286
2025-12-12,GHI_hora_09h,643.6995,591.807137313483,536.5843365000002,575.11847,582.0154
2025-12-13,GHI_hora_09h,492.0005,657.5483533704879,599.5956325,621.5197,578.3255
2025-12-14,GHI_hora_09h,429.2922,644.5543179498379,583.507917,620.5357,573.3284
2025-12-15,GHI_hora_09h,637.1948,594.2338809679328,510.28313400000013,527.2984,564.8002
2025-12-16,GHI_hora_09h,775.308,575.5828544865753,523.0118015000003,512.5945,581.807
2025-12-17,GHI_hora_09h,643.4031,645.3902864996987,607.9156119999996,637.4498,594.42926
2025-12-18,GHI_hora_09h,629.8997,549.5866674457619,500.44659250000046,494.22787,581.04724
2025-12-19,GHI_hora_09h,538.4061,631.5846311277276,574.6953175,627.3469,574.4169
2025-12-20,GHI_hora_09h,603.107,607.2279163885828,513.0738015000002,577.91156,570.2706
2025-12-21,GHI_hora_09h,684.7036,560.1701916109885,456.70873550000033,487.27594,570.18097
2025-12-22,GHI_hora_09h,625.2064,586.9374176055566,558.5782085,524.4543,569.56793
2025-12-23,GHI_hora_09h,684.1932,632.3881348795355,572.316911,622.53845,572.0974
2025-12-24,GHI_hora_09h,572.8068,615.3603483008197,581.8230399999998,518.8243,576.76495
2025-12-25,GHI_hora_09h,182.2956,530.9437571639176,456.5645605000002,426.38412,573.94226
2025-12-26,GHI_hora_09h,592.2055,625.9032914684801,488.90267299999977,579.6043,557.0424
2025-12-27,GHI_hora_09h,391.9932,601.5546929288489,507.5028325000001,511.19086,576.84235
2025-12-28,GHI_hora_09h,635.1035,647.8089139546353,568.8961954999999,602.5406,567.05
2025-12-29,GHI_hora_09h,515.2033,572.3282584817778,485.72904850000015,497.87985,580.4697
2025-12-30,GHI_hora_09h,522.3996,634.0032585826643,560.0198634999999,571.7678,580.61273
2025-12-31,GHI_hora_09h,682.2006,623.4521992154905,531.2347775000002,559.0692,577.0743
2025-10-20,GHI_hora_10h,712.3032,822.3046657493186,697.7672604999985,650.3537,698.2186
2025-10-21,GHI_hora_10h,460.6958,899.1685423319343,685.7179689999982,650.2635,680.9902
2025-10-22,GHI_hora_10h,524.6063,870.2937610515149,729.0366339999996,739.04224,669.7045
2025-10-23,GHI_hora_10h,639.5991,763.8379154534565,756.9399644999996,778.4506,658.4778
2025-10-24,GHI_hora_10h,733.3981,840.1011854542936,726.5098514999994,773.375,655.4536
2025-10-25,GHI_hora_10h,752.7969,848.5457480233215,779.4685484999989,806.9885,659.1346
2025-10-26,GHI_hora_10h,627.4954,724.1877953450432,709.0311954999997,767.267,654.33594
2025-10-27,GHI_hora_10h,878.9053,863.1971521437337,783.6522889999989,801.6969,668.7344
2025-10-28,GHI_hora_10h,615.9023,780.3413689953867,847.1086169999995,811.37134,661.21826
2025-10-29,GHI_hora_10h,310.693,248.33740724101824,305.6647215000002,283.21146,658.7
2025-10-30,GHI_hora_10h,439.8973,547.1427655224032,672.6237925,639.0253,671.3155
2025-10-31,GHI_hora_10h,942.3053,738.3569593619952,780.3328419999997,823.3072,641.3279
2025-11-01,GHI_hora_10h,317.0988,287.9313502560941,251.11354200000008,366.84637,634.1522
2025-11-02,GHI_hora_10h,711.5952,653.6388208743207,704.8002959999999,718.54285,659.8849
2025-11-03,GHI_hora_10h,582.9014,656.3356788471013,653.7780965000006,712.0154,672.5221
2025-11-04,GHI_hora_10h,730.0059,710.1333464625878,771.9316825000003,837.29144,660.4152
2025-11-05,GHI_hora_10h,881.0955,763.5279590267642,722.7154810000008,804.54047,657.93933
2025-11-06,GHI_hora_10h,947.1962,694.8784499213764,822.6598389999999,896.14197,672.3798
2025-11-07,GHI_hora_10h,1012.0947,841.4244853144594,850.8507789999996,902.9467,671.4169
2025-11-08,GHI_hora_10h,557.2943,725.9279831299901,821.8885059999999,887.3035,653.2442
2025-11-09,GHI_hora_10h,574.5029,787.549872904465,774.3527284999998,823.8839,646.4203
2025-11-10,GHI_hora_10h,740.3969,900.6583098639495,780.2435019999998,832.00104,657.53485
2025-11-11,GHI_hora_10h,767.4036,878.232904757373,717.8202755000001,801.0324,656.1009
2025-11-12,GHI_hora_10h,651.5051,733.7470593844987,799.6222505000002,826.83984,666.74744
2025-11-13,GHI_hora_10h,763.5996,853.7504724475705,769.8156755000003,829.22327,670.8858
2025-11-14,GHI_hora_10h,979.5054,1016.909800968401,785.8567159999994,751.81354,660.02167
2025-11-15,GHI_hora_10h,975.0922,942.927423300621,821.7417014999999,834.5797,643.006
2025-11-16,GHI_hora_10h,855.0932,984.1624271104125,840.8615894999999,884.3973,640.6008
2025-11-17,GHI_hora_10h,821.8947,958.864109864669,831.1460610000004,826.9873,619.3421
2025-11-18,GHI_hora_10h,348.6013,620.3737688654015,659.1019050000004,689.0055,628.6508
2025-11-19,GHI_hora_10h,757.5066,928.6167389663228,716.975895,736.10535,655.1744
2025-11-20,GHI_hora_10h,799.4988,893.595059096937,698.3690744999992,745.10516,663.9081
2025-11-21,GHI_hora_10h,597.9033,847.4176311637672,694.5561874999995,738.12,671.9809
2025-11-22,GHI_hora_10h,805.493,910.4137173271417,707.7517714999999,726.4542,683.8414
2025-11-23,GHI_hora_10h,627.2978,915.5291168105737,717.8878784999998,753.722,679.06854
2025-11-24,GHI_hora_10h,712.1056,889.725829216406,768.6349599999999,813.83936,662.9193
2025-11-25,GHI_hora_10h,719.8948,942.0974956310565,773.9944849999998,803.29645,637.68976
2025-11-26,GHI_hora_10h,848.0945,939.5988507621134,724.0363544999999,758.1663,624.23004
2025-11-27,GHI_hora_10h,654.2057,892.4680645897762,817.1232894999998,838.7972,628.4045
2025-11-28,GHI_hora_10h,766.0038,853.9055579569023,780.3873464999997,825.35736,623.18616
2025-11-29,GHI_hora_10h,313.6077,526.2000334830243,600.4171205000008,621.3039,608.84344
2025-11-30,GHI_hora_10h,604.1938,714.7160609094649,702.1933120000001,741.22504,632.87646
2025-12-01,GHI_hora_10h,665.5025,723.6689124825017,714.745613,760.877,645.72687
2025-12-02,GHI_hora_10h,730.2034,725.8460604117549,717.2396130000001,763.19525,619.36743
2025-12-03,GHI_hora_10h,472.8982,511.8093586213628,563.4468430000006,587.3947,603.3947
2025-12-04,GHI_hora_10h,726.7947,700.3080344377449,686.3568085000003,750.94055,623.51764
2025-12-05,GHI_hora_10h,867.4933,753.3501390288169,742.8404584999993,788.26965,623.9866
2025-12-06,GHI_hora_10h,579.3937,750.6141250506495,815.5740344999991,900.6655,599.75946
2025-12-07,GHI_hora_10h,643.7983,614.7205411911698,610.5739625000009,657.0318,601.7014
2025-12-08,GHI_hora_10h,730.2034,689.1989112784707,705.4847549999997,742.2588,634.5387
2025-12-09,GHI_hora_10h,736.494,792.9899617143165,698.6770855,774.0845,656.5227
2025-12-10,GHI_hora_10h,705.5021,786.4952704578458,698.2158234999998,774.0845,653.76965
2025-12-11,GHI_hora_10h,638.5945,744.7681457179349,711.198173,780.5487,651.046
2025-12-12,GHI_hora_10h,737.8938,771.1022296335987,738.5751930000002,791.5898,644.28
2025-12-13,GHI_hora_10h,641.1964,750.6132528517313,695.9371269999999,770.5973,629.5006
2025-12-14,GHI_hora_10h,538.3073,674.228650850292,619.6538255000008,675.19586,632.7034
2025-12-15,GHI_hora_10h,598.3973,738.3263595149771,711.1123794999995,760.45746,624.8031
2025-12-16,GHI_hora_10h,929.0983,701.4588144915243,715.550378,759.03516,645.4145
2025-12-17,GHI_hora_10h,588.7967,804.4508679702972,839.3897794999998,886.9148,656.24304
2025-12-18,GHI_hora_10h,568.4922,731.364083147052,722.4894595000004,765.0498,627.36597
2025-12-19,GHI_hora_10h,632.1063,767.5104008203161,707.3656025000001,771.5054,614.60284
2025-12-20,GHI_hora_10h,583.4941,751.5512665525563,760.3175334999997,828.10944,623.2073
2025-12-21,GHI_hora_10h,635.5975,762.1390730361902,748.0882494999998,687.81836,610.78955
2025-12-22,GHI_hora_10h,782.6031,730.2044225586402,693.4576875000007,705.17194,601.3924
2025-12-23,GHI_hora_10h,703.4931,782.2852072640636,683.8184225000005,761.7198,614.92303
2025-12-24,GHI_hora_10h,581.0076,769.2747047492254,696.9076370000009,716.6539,626.50543
2025-12-25,GHI_hora_10h,335.4931,542.0184606902837,548.7941985000001,556.1415,622.4283
2025-12-26,GHI_hora_10h,648.7056,758.171491129314,669.70929,641.3539,634.87195
2025-12-27,GHI_hora_10h,520.9999,699.0252062041684,670.3715090000009,731.7714,645.00775
2025-12-28,GHI_hora_10h,838.0988,794.4653185739112,678.5385290000002,616.5734,640.2714
2025-12-29,GHI_hora_10h,751.3972,689.5229392905819,703.7396050000002,646.06335,641.5479
2025-12-30,GHI_hora_10h,635.2022,743.0462979251224,669.5827319999999,647.15314,642.26434
2025-12-31,GHI_hora_10h,795.4972,757.1713812353507,678.8551085000004,647.5341,634.2817
2025-10-20,GHI_hora_11h,803.1052,874.6936565284343,775.1739010000008,779.777,760.3616
2025-10-21,GHI_hora_11h,584.4987,845.9591026794749,746.3175035,730.4247,755.913
2025-10-22,GHI_hora_11h,648.0963,785.6782020901816,684.4532729999997,673.2531,745.9187
2025-10-23,GHI_hora_11h,736.1976,759.2995136867311,689.2010175000006,657.6933,746.0221
2025-10-24,GHI_hora_11h,659.4918,853.7297640494669,749.1576650000002,738.1636,745.62256
2025-10-25,GHI_hora_11h,875.3977,836.108593606752,693.1022630000003,747.1856,738.1103
2025-10-26,GHI_hora_11h,361.5941,764.9456292457204,760.8118175000002,723.49036,739.11487
2025-10-27,GHI_hora_11h,827.7077,827.951878865332,673.1659289999998,694.5635,724.8585
2025-10-28,GHI_hora_11h,689.2981,643.8007247797434,633.2029049999999,646.8627,731.125
2025-10-29,GHI_hora_11h,314.7934,460.3249046249475,380.6847929999997,358.39374,733.8348
2025-10-30,GHI_hora_11h,569.0027,628.7260973661536,616.8297249999994,585.1318,723.0982
2025-10-31,GHI_hora_11h,818.1071,756.0692393808275,668.3431520000003,678.25916,712.2827
2025-11-01,GHI_hora_11h,430.0991,458.9354121267704,354.43175849999955,365.38495,712.8539
2025-11-02,GHI_hora_11h,728.6061,682.1349670672677,729.4494865,706.66156,715.46265
2025-11-03,GHI_hora_11h,718.6926,702.6810206184346,713.2282145000005,707.34705,728.6775
2025-11-04,GHI_hora_11h,748.7953,736.9130307457464,730.1426790000008,699.81824,726.20953
2025-11-05,GHI_hora_11h,1005.2936,769.0705808285371,751.0335665,669.0189,726.7039
2025-11-06,GHI_hora_11h,1047.6975,748.5587605915357,821.6734594999999,751.3028,737.3586
2025-11-07,GHI_hora_11h,1079.2,839.6022138169967,805.3007795000002,788.1763,738.49457
2025-11-08,GHI_hora_11h,538.9001,685.5650161974629,791.2459710000003,785.61176,729.4972
2025-11-09,GHI_hora_11h,764.9005,757.4522367421548,693.4171225,686.7303,709.281
2025-11-10,GHI_hora_11h,878.9053,836.8499602328716,736.2532995000007,746.4906,712.02844
2025-11-11,GHI_hora_11h,790.0959,847.8178961673655,757.0705569999998,743.95337,713.4158
2025-11-12,GHI_hora_11h,586.3925,723.2270733613319,744.1319275000009,717.534,717.30066
2025-11-13,GHI_hora_11h,890.9924,838.2397798301067,676.672943,709.7761,717.27844
2025-11-14,GHI_hora_11h,1030.9994,960.1125810593838,786.7332080000001,792.5564,721.3105
2025-11-15,GHI_hora_11h,997.4056,910.8047941680156,803.3941680000005,782.8447,717.28094
2025-11-16,GHI_hora_11h,927.2046,873.8273772004676,800.8482880000006,797.45325,713.0314
2025-11-17,GHI_hora_11h,844.0929,929.2832330488549,810.3137365000001,839.6176,706.699
2025-11-18,GHI_hora_11h,681.7065,616.4026636326462,638.9998169999998,608.0514,703.8017
2025-11-19,GHI_hora_11h,800.3057,882.727699744036,729.3501935000008,726.71295,705.86255
2025-11-20,GHI_hora_11h,752.0065,887.513334711693,742.8310875000005,706.7545,710.84247
2025-11-21,GHI_hora_11h,634.2965,849.1803301567401,723.4148755000007,665.8864,714.5323
2025-11-22,GHI_hora_11h,679.9939,890.9433820919451,701.0718180000008,658.17535,716.7062
2025-11-23,GHI_hora_11h,721.0969,887.513334711693,731.8362970000007,725.999,716.87915
2025-11-24,GHI_hora_11h,679.1047,817.0159337646755,738.3202270000007,720.87067,711.5878
2025-11-25,GHI_hora_11h,680.8008,877.2574245807198,727.3761460000007,756.36664,701.9223
2025-11-26,GHI_hora_11h,731.702,927.2430052657907,730.8003235000008,732.61505,694.0287
2025-11-27,GHI_hora_11h,594.1981,838.2397798301076,732.3579945000009,728.07874,700.19006
2025-11-28,GHI_hora_11h,849.2966,777.9982890140634,688.7846434999998,672.01666,693.03656
2025-11-29,GHI_hora_11h,492.9063,539.0451679251245,674.2554079999993,671.7591,696.37805
2025-11-30,GHI_hora_11h,725.4937,724.5826609487405,687.5294024999998,720.61017,688.7964
2025-12-01,GHI_hora_11h,718.3962,704.72124887267,701.2068380000004,718.14813,690.0488
2025-12-02,GHI_hora_11h,567.0925,697.8953861219488,691.5276310000005,702.57043,689.3114
2025-12-03,GHI_hora_11h,724.9009,581.4928600559886,622.1345159999989,601.7143,682.9769
2025-12-04,GHI_hora_11h,719.8948,671.8516730790766,677.9360545000003,702.9581,677.37067
2025-12-05,GHI_hora_11h,889.9056,751.2767821774888,730.4846365000003,695.5285,688.83514
2025-12-06,GHI_hora_11h,718.001,716.3669786008314,746.2048660000004,756.67786,695.47046
2025-12-07,GHI_hora_11h,687.5031,644.4797580566259,646.4398324999992,642.79517,686.5036
2025-12-08,GHI_hora_11h,696.198,713.6215714162382,686.891845,653.17944,694.77905
2025-12-09,GHI_hora_11h,913.4048,773.18526843858,722.7635055000002,668.4161,701.63226
2025-12-10,GHI_hora_11h,601.8061,767.7149932752639,789.7408425,734.9489,707.8644
2025-12-11,GHI_hora_11h,687.3055,723.2270733613354,679.0979359999999,671.6677,698.1777
2025-12-12,GHI_hora_11h,555.4994,753.3443955683794,714.6632890000005,669.5493,699.5282
2025-12-13,GHI_hora_11h,691.093,721.8372537641475,679.4068819999998,654.56647,690.5878
2025-12-14,GHI_hora_11h,637.3924,645.8421920459874,638.9117009999992,625.6935,694.54755
2025-12-15,GHI_hora_11h,640.8012,734.1607772860112,646.4794524999999,594.93256,694.6071
2025-12-16,GHI_hora_11h,945.4012,756.7744429486314,670.1451215000004,595.54584,699.89056
2025-12-17,GHI_hora_11h,723.7975,720.4748197747859,747.5852715000002,753.7413,714.89703
2025-12-18,GHI_hora_11h,834.0971,704.72124887267,659.6977834999998,648.9699,697.3054
2025-12-19,GHI_hora_11h,659.1954,738.2686184599658,722.8057385000002,641.1333,688.72626
2025-12-20,GHI_hora_11h,673.7033,680.7793812304714,626.3588399999991,640.61896,687.37256
2025-12-21,GHI_hora_11h,590.2953,730.7375763077157,667.8986970000001,642.732,686.18445
2025-12-22,GHI_hora_11h,800.7997,755.3846233514433,661.6769410000002,616.7704,678.3075
2025-12-23,GHI_hora_11h,848.9014,757.4522367423339,714.8264050000005,637.6391,691.1992
2025-12-24,GHI_hora_11h,702.3074,743.0610998295795,745.0569220000002,692.214,699.13074
2025-12-25,GHI_hora_11h,404.0968,617.7856368278774,623.6745419999993,606.61035,691.7512
2025-12-26,GHI_hora_11h,759.2028,784.1463579710821,624.9687459999997,620.71826,686.86304
2025-12-27,GHI_hora_11h,578.5045,683.497402807238,651.9959884999994,614.7193,702.9235
2025-12-28,GHI_hora_11h,792.0061,823.1640027216944,632.5692675000006,610.48676,698.55396
2025-12-29,GHI_hora_11h,678.3965,775.2460354275139,689.0349470000002,631.4499,704.2768
2025-12-30,GHI_hora_11h,793.6035,739.6310524493276,677.4976280000003,644.79846,702.4431
2025-12-31,GHI_hora_11h,747.692,927.2430052657907,714.7499070000006,659.53094,704.97943
2025-10-20,GHI_hora_12h,822.7016,886.7099350042554,858.6762280000002,846.80023,759.66235
2025-10-21,GHI_hora_12h,713.1925,809.890520541555,757.3858175000006,774.1111,744.2549
2025-10-22,GHI_hora_12h,427.596,721.8011946822699,801.8670919999995,780.33704,729.1178
2025-10-23,GHI_hora_12h,589.0931,745.9374352689078,796.7495574999994,777.36395,713.9422
2025-10-24,GHI_hora_12h,699.5079,771.8205598962656,823.7325189999983,792.53357,699.60895
2025-10-25,GHI_hora_12h,789.7994,813.3272772036809,794.2331604999996,802.2364,701.88965
2025-10-26,GHI_hora_12h,548.5995,570.2769774554648,606.2291614999999,528.81506,682.0737
2025-10-27,GHI_hora_12h,743.1964,748.9595122986348,796.7214004999993,798.5674,678.44714
2025-10-28,GHI_hora_12h,363.9984,655.1120788239551,665.4604254999991,665.5177,679.2452
2025-10-29,GHI_hora_12h,616.3963,487.25879303824246,318.59000449999974,440.7139,688.70325
2025-10-30,GHI_hora_12h,541.6008,667.138556223752,685.9555139999997,685.40393,676.68805
2025-10-31,GHI_hora_12h,812.3929,688.2014362836081,751.3624169999993,724.919,665.79895
2025-11-01,GHI_hora_12h,413.895,476.4295487951139,383.753365499999,391.83743,656.8562
2025-11-02,GHI_hora_12h,737.4985,658.1262185121823,605.1806879999999,617.7676,665.38043
2025-11-03,GHI_hora_12h,665.5025,721.8924183840803,790.0966719999993,778.2031,691.60205
2025-11-04,GHI_hora_12h,729.4954,739.3275016210612,815.1554899999999,787.37585,693.87946
2025-11-05,GHI_hora_12h,844.6034,757.3762420320145,796.6574299999999,753.4211,702.35205
2025-11-06,GHI_hora_12h,1050.2994,773.0124674747037,795.0393339999998,839.32074,713.4221
2025-11-07,GHI_hora_12h,907.9046,852.444974023309,813.6436944999997,839.3285,709.16284
2025-11-08,GHI_hora_12h,621.6,671.3499289866076,667.8363589999992,696.71655,694.2657
2025-11-09,GHI_hora_12h,587.5946,778.439122091597,797.359352499999,850.3605,678.82526
2025-11-10,GHI_hora_12h,782.702,813.9229457395311,776.1858104999991,786.9233,675.20917
2025-11-11,GHI_hora_12h,607.9979,782.0548864205912,759.5429895000001,795.65265,677.0505
2025-11-12,GHI_hora_12h,723.106,714.0773137861377,762.5904659999993,779.2585,687.45435
2025-11-13,GHI_hora_12h,821.8947,837.9999654477426,779.7198299999997,845.3137,683.0407
2025-11-14,GHI_hora_12h,971.3046,946.8880163470238,797.1444675000006,829.57336,685.6237
2025-11-15,GHI_hora_12h,1017.496,895.1482938356243,822.1775839999998,851.89105,677.3114
2025-11-16,GHI_hora_12h,669.4053,866.8839663520715,796.4638589999995,813.3721,672.9955
2025-11-17,GHI_hora_12h,765.4933,941.485426717345,795.7518814999993,836.2696,655.0368
2025-11-18,GHI_hora_12h,668.4996,725.5021664662711,736.0653064999995,716.18823,656.8366
2025-11-19,GHI_hora_12h,830.8036,865.0670598173688,757.2334054999998,749.80286,657.36725
2025-11-20,GHI_hora_12h,729.4954,877.0995534246712,768.3084085000003,779.5203,684.0805
2025-11-21,GHI_hora_12h,598.6937,824.7582062329067,747.2260070000001,771.8471,691.8322
2025-11-22,GHI_hora_12h,843.5001,844.6238531785626,775.6049249999995,843.92847,703.7989
2025-11-23,GHI_hora_12h,724.9997,871.0953391146272,790.2010064999998,802.62244,700.1654
2025-11-24,GHI_hora_12h,707.8076,772.4168590411422,753.3443565,769.9701,682.128
2025-11-25,GHI_hora_12h,749.8986,852.444974023309,764.9901889999995,792.1097,664.9606
2025-11-26,GHI_hora_12h,643.6995,921.6197797716891,771.1878360000001,754.3783,658.7402
2025-11-27,GHI_hora_12h,556.8991,782.6504948541527,747.6953234999996,777.84595,680.5879
2025-11-28,GHI_hora_12h,703.5919,724.882493045495,724.3563065000005,716.08154,662.77405
2025-11-29,GHI_hora_12h,500.7942,632.2563572564828,626.6095709999997,617.6033,654.6629
2025-11-30,GHI_hora_12h,577.5,662.3315750279347,589.1710289999996,609.20154,639.3236
2025-12-01,GHI_hora_12h,585.5032,725.5021664662711,713.8799135000008,725.5514,637.55804
2025-12-02,GHI_hora_12h,449.3002,650.2810326802214,658.9242995,632.14154,642.285
2025-12-03,GHI_hora_12h,434.5947,634.0491988039707,635.5942490000003,630.3623,634.8039
2025-12-04,GHI_hora_12h,590.0977,644.2828346169814,593.7578205000002,593.62054,623.1205
2025-12-05,GHI_hora_12h,912.7955,741.7400165893254,705.8177325000013,707.0446,661.1886
2025-12-06,GHI_hora_12h,871.3961,729.7135392288269,749.0500435000006,742.5206,669.9796
2025-12-07,GHI_hora_12h,672.5012,653.2951723288506,571.9226025,624.3144,648.20557
2025-12-08,GHI_hora_12h,828.0042,699.6323052105714,629.1288329999999,629.2105,650.51996
2025-12-09,GHI_hora_12h,634.3953,801.8964683790326,702.2161095000004,680.7637,665.4072
2025-12-10,GHI_hora_12h,668.1044,738.1302685071346,714.9296325000012,707.9064,683.4073
2025-12-11,GHI_hora_12h,729.907,708.6506591692444,704.8510875000004,683.57434,680.9628
2025-12-12,GHI_hora_12h,633.0944,720.6771365297428,706.8277645000006,688.47125,685.6072
2025-12-13,GHI_hora_12h,477.4926,679.1650335845503,651.6675414999995,663.9683,675.6036
2025-12-14,GHI_hora_12h,496.9079,679.7666582649155,643.5884800000001,647.94403,675.1199
2025-12-15,GHI_hora_12h,623.5926,726.1037911466361,711.993147000001,684.5579,659.6418
2025-12-16,GHI_hora_12h,776.2961,754.3621023833853,716.4497515000006,743.0656,685.02264
2025-12-17,GHI_hora_12h,734.4026,719.4799034158164,712.0325840000004,714.2115,700.94214
2025-12-18,GHI_hora_12h,708.8945,742.937249703252,717.3815655000004,713.7157,679.4104
2025-12-19,GHI_hora_12h,626.5074,709.2462676028057,702.9173845000006,678.58307,654.9366
2025-12-20,GHI_hora_12h,503.4949,674.9596770687983,649.0808205,685.7389,665.99884
2025-12-21,GHI_hora_12h,596.5035,714.0773137861377,713.2339720000007,719.4671,662.5403
2025-12-22,GHI_hora_12h,559.4022,787.4574760502699,718.7113965000005,704.5336,653.5343
2025-12-23,GHI_hora_12h,790.804,789.8699910185339,709.2203325000004,659.2922,668.87823
2025-12-24,GHI_hora_12h,818.5024,744.7541562379546,719.4949320000005,729.6013,690.2103
2025-12-25,GHI_hora_12h,533.0047,645.4740514841043,618.9138624999999,617.0552,674.1374
2025-12-26,GHI_hora_12h,876.501,820.5468334703509,701.3127825000009,668.6095,689.9806
2025-12-27,GHI_hora_12h,523.9969,689.3986693975609,604.0223404999988,633.0005,706.1412
2025-12-28,GHI_hora_12h,915.3973,826.5751127676093,716.4273455000006,665.77875,700.09796
2025-12-29,GHI_hora_12h,711.1011,774.2337655758448,743.8933080000008,708.4265,705.4014
2025-12-30,GHI_hora_12h,648.6068,773.0124674747037,715.7179285000003,705.9621,706.859
2025-12-31,GHI_hora_12h,810.7955,828.3679543150972,732.0933160000002,711.6592,704.09015
2025-10-20,GHI_hora_13h,774.6987,793.810788447784,789.5293735000008,827.3058,739.89343
2025-10-21,GHI_hora_13h,684.6049,727.7336169525393,786.7246825000007,788.53625,764.07794
2025-10-22,GHI_hora_13h,321.6933,585.7516579452335,564.4011210000007,553.5453,713.34247
2025-10-23,GHI_hora_13h,709.7014,632.6939199528481,635.0834270000005,602.1077,629.0985
2025-10-24,GHI_hora_13h,663.4935,686.3586119952048,723.3941919999997,718.46216,699.37585
2025-10-25,GHI_hora_13h,630.4925,723.9709810636656,693.6937639999998,742.26526,689.85284
2025-10-26,GHI_hora_13h,515.3021,560.8471173518285,566.9781240000003,564.95135,689.367
2025-10-27,GHI_hora_13h,665.7001,576.1729073769825,520.6983525000004,471.7081,620.76086
2025-10-28,GHI_hora_13h,422.9028,505.39295960574896,533.900697499999,543.9922,648.44415
2025-10-29,GHI_hora_13h,662.8018,562.2333621896888,604.9459264999999,595.3347,618.0722
2025-10-30,GHI_hora_13h,684.6049,610.6112869875358,615.9134750000003,602.87427,670.2696
2025-10-31,GHI_hora_13h,644.4076,597.4429939690639,606.5897960000003,659.55804,685.4128
2025-11-01,GHI_hora_13h,568.8051,476.3129363438766,512.7235309999993,532.4898,656.1036
2025-11-02,GHI_hora_13h,481.8071,571.1410055244232,556.8275509999988,534.608,623.5253
2025-11-03,GHI_hora_13h,650.797,649.4806545658208,693.5378880000003,648.58374,668.95953
2025-11-04,GHI_hora_13h,722.4966,664.4895265574298,722.6390710000003,712.0644,709.5789
2025-11-05,GHI_hora_13h,792.7966,647.8333146093613,677.2286110000002,669.7308,715.65283
2025-11-06,GHI_hora_13h,935.2078,704.8154472962531,747.6641065000007,746.3183,723.2925
2025-11-07,GHI_hora_13h,889.9056,735.0421597755777,798.0450650000001,770.1665,754.38025
2025-11-08,GHI_hora_13h,382.195,611.3941488713743,658.0143644999996,713.3701,739.5121
2025-11-09,GHI_hora_13h,666.1942,650.6085848953347,714.7650424999997,675.4626,623.84143
2025-11-10,GHI_hora_13h,591.2998,675.1123874078307,676.6973704999998,639.9942,682.7605
2025-11-11,GHI_hora_13h,692.2952,645.6548854495258,689.0757634999995,648.48486,666.95544
2025-11-12,GHI_hora_13h,679.4011,647.4621026973267,686.7125084999996,661.916,676.6239
2025-11-13,GHI_hora_13h,545.9976,696.139727604946,659.8814659999996,671.53284,672.1049
2025-11-14,GHI_hora_13h,804.0933,786.7773260108685,723.9256024999999,740.4836,670.29626
2025-11-15,GHI_hora_13h,840.503,756.559855612939,777.2689695000004,782.1571,736.3085
2025-11-16,GHI_hora_13h,665.3049,712.9656533704642,764.3008639999997,755.3049,710.63525
2025-11-17,GHI_hora_13h,660.0023,758.641449440187,718.2256179999997,722.9983,670.43604
2025-11-18,GHI_hora_13h,771.3064,642.3927645807535,693.0876684999996,681.46356,697.5689
2025-11-19,GHI_hora_13h,635.1035,747.4742741637662,775.0191730000003,773.87946,662.4502
2025-11-20,GHI_hora_13h,747.2968,759.3244221880177,732.9801140000002,721.64276,701.7402
2025-11-21,GHI_hora_13h,810.9932,708.3151197019911,755.8658580000003,758.43427,710.42145
2025-11-22,GHI_hora_13h,693.5961,752.3569125190011,787.5414180000006,796.79004,705.37823
2025-11-23,GHI_hora_13h,555.4006,747.3574313356542,710.2556624999994,662.2879,706.55927
2025-11-24,GHI_hora_13h,648.8044,654.0712046876779,703.4543960000001,663.9856,674.4279
2025-11-25,GHI_hora_13h,756.0081,728.1108924509986,735.9268209999996,702.8074,661.2396
2025-11-26,GHI_hora_13h,791.6932,766.4947349308563,798.5733465000006,777.6619,690.2408
2025-11-27,GHI_hora_13h,657.4005,648.317305986951,750.3001705000004,725.632,712.41205
2025-11-28,GHI_hora_13h,619.1958,591.3094808166073,567.7568024999996,570.3074,649.18256
2025-11-29,GHI_hora_13h,597.6069,570.8990610614017,559.5145479999996,573.10284,641.24634
2025-11-30,GHI_hora_13h,546.3928,556.7840403968935,511.6389779999997,529.2459,622.71075
2025-12-01,GHI_hora_13h,574.1077,610.9692851524853,603.1433989999999,602.8679,616.6638
2025-12-02,GHI_hora_13h,485.3971,493.4180710390055,516.6223864999996,595.67114,647.75464
2025-12-03,GHI_hora_13h,618.8994,495.9236043058294,504.50261099999983,564.46063,584.17487
2025-12-04,GHI_hora_13h,652.3943,504.7260130185708,522.7101944999988,554.37634,620.57684
2025-12-05,GHI_hora_13h,635.795,639.3491912620439,710.7928205000003,681.2761,645.0942
2025-12-06,GHI_hora_13h,686.3998,642.8762658567716,711.0517769999999,724.1728,696.15405
2025-12-07,GHI_hora_13h,626.8038,564.3311779483464,541.5701179999995,556.8147,664.0535
2025-12-08,GHI_hora_13h,715.4979,618.785857531574,679.1565499999996,651.60645,634.11304
2025-12-09,GHI_hora_13h,824.299,656.7727859487313,705.1858755,742.35626,673.66547
2025-12-10,GHI_hora_13h,587.6934,640.3677798795079,777.8413780000006,758.3148,700.3416
2025-12-11,GHI_hora_13h,689.9074,618.2021845335536,691.4265060000001,626.269,657.87244
2025-12-12,GHI_hora_13h,556.5039,618.8247084759291,680.7599930000002,647.16003,686.16125
2025-12-13,GHI_hora_13h,486.1052,578.4429734334419,538.4898799999988,554.99585,658.0191
2025-12-14,GHI_hora_13h,602.1025,564.8742042003048,500.03727349999986,527.42664,642.66766
2025-12-15,GHI_hora_13h,643.2054,628.5305498278801,651.5748305000002,611.0441,642.1068
2025-12-16,GHI_hora_13h,663.0982,661.4392052970892,656.1605529999999,640.0826,694.85266
2025-12-17,GHI_hora_13h,730.6974,626.1295653126979,681.4848129999992,663.8679,705.3479
2025-12-18,GHI_hora_13h,792.8953,630.1149191960347,699.9198084999999,677.62683,677.5757
2025-12-19,GHI_hora_13h,741.5002,610.9457452275282,623.9853669999995,614.2209,679.57806
2025-12-20,GHI_hora_13h,777.4982,550.7730504517688,565.6214409999998,572.9196,664.0044
2025-12-21,GHI_hora_13h,397.0981,615.1094978752968,605.7457654999994,602.9448,649.6917
2025-12-22,GHI_hora_13h,519.6989,660.2976805205759,696.6349415000003,706.5247,620.76886
2025-12-23,GHI_hora_13h,807.2056,693.0474198382586,676.6702795000002,674.7917,672.51013
2025-12-24,GHI_hora_13h,712.402,668.2756266015527,741.1915625,743.3753,729.4884
2025-12-25,GHI_hora_13h,701.1053,618.1037864784764,578.3494590000003,564.34625,675.52905
2025-12-26,GHI_hora_13h,719.4008,732.1735817990439,727.8465254999996,638.9974,700.01733
2025-12-27,GHI_hora_13h,518.2004,620.9584630290914,606.1486409999998,614.7563,741.44794
2025-12-28,GHI_hora_13h,744.3984,731.9627849783354,738.4860325000002,649.1208,664.2179
2025-12-29,GHI_hora_13h,728.6061,698.0074754167637,706.4000245,701.6626,758.4552
2025-12-30,GHI_hora_13h,636.2067,687.2968481308329,719.4255950000002,712.7935,715.60254
2025-12-31,GHI_hora_13h,863.5081,681.9752343148502,633.6428430000001,620.26245,709.06366
2025-10-20,GHI_hora_14h,654.5022,678.3950836759738,614.0668164999988,625.9735,603.18097
2025-10-21,GHI_hora_14h,667.001,658.5701656043697,605.1065034999988,599.72766,603.4827
2025-10-22,GHI_hora_14h,218.096,422.3505640615516,396.1512555000001,386.00974,576.4715
2025-10-23,GHI_hora_14h,555.4994,564.3318108948655,463.0510200000002,447.79044,461.71716
2025-10-24,GHI_hora_14h,566.9937,570.3866721332698,499.9073450000002,540.94086,558.8765
2025-10-25,GHI_hora_14h,329.7953,531.6708448455133,484.6622825000002,455.85757,539.37
2025-10-26,GHI_hora_14h,466.3935,472.24476032428015,493.58934449999987,483.32748,470.8931
2025-10-27,GHI_hora_14h,482.2024,517.7485422672462,481.4373655000002,474.65405,479.77618
2025-10-28,GHI_hora_14h,395.896,385.6798272708928,375.53390900000005,400.74576,516.90125
2025-10-29,GHI_hora_14h,483.6021,461.06571823332337,496.0119639999999,459.56168,487.90103
2025-10-30,GHI_hora_14h,515.0057,534.5408133413717,483.8153555000005,437.65073,508.73132
2025-10-31,GHI_hora_14h,472.503,448.7074251781959,550.0281809999992,549.0218,549.30554
2025-11-01,GHI_hora_14h,373.5002,406.22170150269517,387.9118080000003,436.29077,482.59695
2025-11-02,GHI_hora_14h,328.0004,434.02191233546773,461.0146560000002,485.41818,480.30154
2025-11-03,GHI_hora_14h,385.4062,517.184305130642,483.5509715000002,480.35797,498.00253
2025-11-04,GHI_hora_14h,623.395,580.1450359698885,614.4224959999999,537.767,533.6226
2025-11-05,GHI_hora_14h,578.2081,502.1091500258764,497.8732035000007,504.11578,600.21246
2025-11-06,GHI_hora_14h,781.0058,567.0385269214403,555.3917415000003,451.68073,561.6743
2025-11-07,GHI_hora_14h,665.7989,612.7445873696511,707.0669810000013,633.299,623.3646
2025-11-08,GHI_hora_14h,393.2941,460.14779896606507,481.6591885,414.35596,588.625
2025-11-09,GHI_hora_14h,508.501,549.6980832061087,510.08238300000016,452.3072,491.40674
2025-11-10,GHI_hora_14h,487.5049,534.808326512665,509.6957315000004,494.222,524.03033
2025-11-11,GHI_hora_14h,496.595,567.1128898494613,521.5739200000004,498.77798,490.50134
2025-11-12,GHI_hora_14h,491.2924,542.6506706085809,473.0218665000003,455.6652,493.17255
2025-11-13,GHI_hora_14h,445.2986,498.9449994524934,496.94163249999997,493.897,480.7533
2025-11-14,GHI_hora_14h,702.5051,650.1977154953522,616.7572729999997,591.9362,462.1924
2025-11-15,GHI_hora_14h,622.407,649.864367104818,639.9604459999996,572.0659,560.8816
2025-11-16,GHI_hora_14h,714.5922,630.3129415343848,611.9036189999995,580.10956,520.1831
2025-11-17,GHI_hora_14h,589.0931,573.7161471970658,570.0501360000003,514.3735,529.5448
2025-11-18,GHI_hora_14h,491.2924,526.2827855901165,513.1564645000005,490.89468,472.65192
2025-11-19,GHI_hora_14h,535.2937,592.4613804909815,588.1613820000001,569.68384,474.764
2025-11-20,GHI_hora_14h,648.3927,663.006173200353,628.2610009999993,590.3311,509.94772
2025-11-21,GHI_hora_14h,567.5042,644.5308411852142,623.1952604999993,562.4579,546.71967
2025-11-22,GHI_hora_14h,577.7964,641.9638967751305,623.4497639999996,568.92633,502.22998
2025-11-23,GHI_hora_14h,442.6967,601.3909515854907,589.908179,568.6486,517.91425
2025-11-24,GHI_hora_14h,381.4046,574.3295281233902,561.6353860000006,514.0031,468.51065
2025-11-25,GHI_hora_14h,587.1993,615.1621840082075,609.4432925000002,580.62335,452.46112
2025-11-26,GHI_hora_14h,641.1964,672.3762097165379,633.8135249999997,589.04144,515.69415
2025-11-27,GHI_hora_14h,545.8,557.3308676022798,559.6998920000002,466.48355,525.4358
2025-11-28,GHI_hora_14h,470.1975,552.9869366803706,507.29229650000036,463.622,472.1469
2025-11-29,GHI_hora_14h,395.896,486.1203209715396,497.22866300000004,496.35577,484.0653
2025-11-30,GHI_hora_14h,376.6949,420.7148256478692,469.2260295000004,526.13403,455.18835
2025-12-01,GHI_hora_14h,429.4074,445.81064897049475,463.55148599999984,503.35577,428.87207
2025-12-02,GHI_hora_14h,431.0048,408.8657407836066,392.50032250000027,422.7358,465.77762
2025-12-03,GHI_hora_14h,280.9032,456.16527244628605,493.064686,491.76566,465.3242
2025-12-04,GHI_hora_14h,275.7983,424.0780793814447,448.46352000000013,463.69427,441.43597
2025-12-05,GHI_hora_14h,538.8013,454.5817125458007,482.68116150000026,457.3426,451.05255
2025-12-06,GHI_hora_14h,460.3994,513.0425962160468,497.59324800000024,517.8711,535.04285
2025-12-07,GHI_hora_14h,549.5052,484.3967293203471,499.71271099999996,495.64456,477.5171
2025-12-08,GHI_hora_14h,494.306,515.4635244073498,496.3307640000003,470.24387,478.36316
2025-12-09,GHI_hora_14h,625.9969,564.8616026206603,574.3177070000003,452.81897,468.99478
2025-12-10,GHI_hora_14h,588.5003,558.9324066632864,575.0968720000003,456.36594,530.4897
2025-12-11,GHI_hora_14h,535.6066,513.0678583751799,487.23698300000046,455.5547,509.30554
2025-12-12,GHI_hora_14h,362.0058,506.2297681710536,495.3973045000003,472.41632,503.74313
2025-12-13,GHI_hora_14h,371.1947,424.80284306969884,426.28199900000027,480.29254,489.80026
2025-12-14,GHI_hora_14h,446.0067,468.0824567895561,486.35787800000014,500.47772,455.62823
2025-12-15,GHI_hora_14h,542.5065,492.10329611002334,507.372665,451.5629,474.50333
2025-12-16,GHI_hora_14h,763.5008,566.7100705204904,569.6533615000004,470.01132,522.9644
2025-12-17,GHI_hora_14h,567.3066,555.6815575572291,541.9189910000005,503.41248,572.1252
2025-12-18,GHI_hora_14h,387.8928,557.6495770666988,485.8045485000007,462.48373,492.4358
2025-12-19,GHI_hora_14h,470.2963,540.8773145984176,486.8849835000006,434.86993,473.05566
2025-12-20,GHI_hora_14h,517.904,545.8028042055805,458.4972535000004,404.55252,512.6477
2025-12-21,GHI_hora_14h,431.3012,408.7509095494617,408.98061049999995,424.52118,516.91223
2025-12-22,GHI_hora_14h,495.6069,540.2973623629515,472.33418650000056,427.33618,436.86694
2025-12-23,GHI_hora_14h,626.5074,606.4114686071681,630.5658615,531.7075,522.6419
2025-12-24,GHI_hora_14h,596.7999,596.0316819461125,629.3051120000005,522.3929,559.28906
2025-12-25,GHI_hora_14h,519.3037,543.7928879199509,464.4481255000008,388.6955,543.4615
2025-12-26,GHI_hora_14h,645.2968,628.2602845867646,644.2954285,543.0238,540.2475
2025-12-27,GHI_hora_14h,472.503,496.66141941962445,474.4410450000001,393.05176,592.00635
2025-12-28,GHI_hora_14h,626.8038,607.1531809086961,647.1608545,526.80786,503.88068
2025-12-29,GHI_hora_14h,710.7059,603.6174379542167,624.0204330000003,519.9747,597.99255
2025-12-30,GHI_hora_14h,692.2952,619.349773844951,625.5372669999999,578.3509,575.57294
2025-12-31,GHI_hora_14h,738.7995,549.907132695573,476.92475500000097,415.72955,568.52747
2025-10-20,GHI_hora_15h,479.8969,433.27506693949726,428.0617794999996,455.64114,416.0769
2025-10-21,GHI_hora_15h,449.3002,460.6026450850075,427.88631649999957,459.42755,417.93613
2025-10-22,GHI_hora_15h,158.5,258.1121895620818,307.0021195,298.5942,413.7436
2025-10-23,GHI_hora_15h,435.0064,366.83754384915676,379.0146315000001,372.35187,351.235
2025-10-24,GHI_hora_15h,354.793,376.17962107453656,384.8969275000002,378.35324,359.66907
2025-10-25,GHI_hora_15h,249.4008,252.8128491220399,271.2393989999998,248.94052,347.10413
2025-10-26,GHI_hora_15h,281.496,284.3623018321479,339.8333429999997,360.436,313.36697
2025-10-27,GHI_hora_15h,221.8012,286.8817304147582,314.3845869999998,310.23398,298.09515
2025-10-28,GHI_hora_15h,300.8948,249.29953567385718,329.94641500000006,367.68604,288.90344
2025-10-29,GHI_hora_15h,271.6979,303.67742729190024,324.0846089999997,329.48334,301.81137
2025-10-30,GHI_hora_15h,443.7013,352.09463833026484,290.24959699999965,334.46448,304.38638
2025-10-31,GHI_hora_15h,161.2007,253.037488846468,292.4916615,286.5698,340.52594
2025-11-01,GHI_hora_15h,239.9978,215.81766517979958,321.2247994999996,358.32196,303.17633
2025-11-02,GHI_hora_15h,148.8994,253.68305550866907,330.68506749999995,310.9228,305.6565
2025-11-03,GHI_hora_15h,296.3992,298.36732550893566,334.08584949999977,362.16373,306.27637
2025-11-04,GHI_hora_15h,362.0058,395.9263446235977,394.3149445000002,366.20453,324.9852
2025-11-05,GHI_hora_15h,341.8002,323.3273125461452,333.89473299999986,296.6789,353.4123
2025-11-06,GHI_hora_15h,469.5059,376.2562730329921,379.65735400000017,313.55023,362.30222
2025-11-07,GHI_hora_15h,461.7003,406.30524892341975,384.4506440000001,390.1124,388.48187
2025-11-08,GHI_hora_15h,277.3956,275.4968828324952,310.5141455000001,294.22223,410.86703
2025-11-09,GHI_hora_15h,338.4078,347.2035434216107,382.4576630000001,345.6007,373.2524
2025-11-10,GHI_hora_15h,316.506,313.25181474994605,324.1196164999998,325.65158,357.3515
2025-11-11,GHI_hora_15h,372.5945,349.66250532634047,383.9027740000001,341.52338,340.5599
2025-11-12,GHI_hora_15h,305.094,313.3755570301455,325.2285384999998,324.73355,338.45505
2025-11-13,GHI_hora_15h,432.5033,262.3510674972605,320.2737084999997,303.08127,315.91803
2025-11-14,GHI_hora_15h,437.2954,409.8960914062999,407.0636235,402.29108,308.5113
2025-11-15,GHI_hora_15h,377.1066,386.8719322251352,396.0372985000002,399.28516,320.89566
2025-11-16,GHI_hora_15h,443.2072,427.87757460974115,423.8782100000001,460.0791,317.79794
2025-11-17,GHI_hora_15h,209.1048,341.0035018313329,381.26254350000016,349.32538,332.19025
2025-11-18,GHI_hora_15h,202.9953,283.3759053376763,341.7994784999997,341.49728,297.98917
2025-11-19,GHI_hora_15h,399.7,388.04212543438354,403.2444680000003,409.476,282.70212
2025-11-20,GHI_hora_15h,418.9012,447.7989396617678,429.04571799999997,449.44904,306.10507
2025-11-21,GHI_hora_15h,381.7998,396.19240669085616,399.43775600000015,374.9228,328.5733
2025-11-22,GHI_hora_15h,348.9965,423.02499454595625,425.52916300000004,393.05667,330.20712
2025-11-23,GHI_hora_15h,357.0985,369.99609501129606,403.4698285000003,391.7898,330.8573
2025-11-24,GHI_hora_15h,335.0979,341.8489704277752,388.9621790000001,345.36023,325.84586
2025-11-25,GHI_hora_15h,351.6971,375.6012865876929,406.4566290000003,384.86005,316.1946
2025-11-26,GHI_hora_15h,433.3926,446.6370856671186,434.347191,454.9543,314.59048
2025-11-27,GHI_hora_15h,327.8028,336.835138849446,312.9300819999999,326.09915,332.7398
2025-11-28,GHI_hora_15h,334.505,327.3155087703349,311.25632949999965,327.56775,317.3793
2025-11-29,GHI_hora_15h,248.0999,221.2989013186097,262.94708849999984,256.805,317.63043
2025-11-30,GHI_hora_15h,222.0976,236.14431704619417,249.47080549999987,263.23004,290.6636
2025-12-01,GHI_hora_15h,220.6979,286.1403918597781,330.7354565,368.68552,275.25183
2025-12-02,GHI_hora_15h,228.5035,211.28245209618632,272.8760310000002,288.48306,286.00262
2025-12-03,GHI_hora_15h,325.0033,222.87680143811795,271.70403450000026,277.03925,280.45517
2025-12-04,GHI_hora_15h,304.3036,206.98242500888745,241.51369049999983,217.00674,289.9113
2025-12-05,GHI_hora_15h,431.3012,276.9839396785007,317.8773574999999,259.97882,296.41992
2025-12-06,GHI_hora_15h,369.3009,301.01359888673113,346.1267389999997,317.2848,328.02817
2025-12-07,GHI_hora_15h,465.8995,309.40572484728204,340.1002824999998,338.80124,329.67145
2025-12-08,GHI_hora_15h,424.5001,297.9672363649489,346.4586434999999,325.90683,339.063
2025-12-09,GHI_hora_15h,429.605,376.18996997138146,393.0865565000001,351.74118,337.07178
2025-12-10,GHI_hora_15h,378.8027,368.15416910449864,387.25993050000005,337.68893,347.79367
2025-12-11,GHI_hora_15h,244.2959,329.19355167292497,328.8280069999998,318.90955,345.8518
2025-12-12,GHI_hora_15h,263.2994,324.1797029657002,324.7810204999996,340.6796,325.89938
2025-12-13,GHI_hora_15h,284.0979,260.3160537304211,281.67216850000005,285.77008,320.18558
2025-12-14,GHI_hora_15h,343.1011,283.49417952379565,280.3849779999998,271.92133,312.44174
2025-12-15,GHI_hora_15h,430.1979,336.96158182186844,326.16150249999964,320.59424,314.66437
2025-12-16,GHI_hora_15h,543.4945,415.4123504484577,398.14975100000026,394.92578,341.83972
2025-12-17,GHI_hora_15h,405.0026,347.53138619392655,335.5315349999999,291.39676,376.33377
2025-12-18,GHI_hora_15h,401.3962,285.99676221330265,297.8380109999999,289.02826,357.05078
2025-12-19,GHI_hora_15h,470.5927,345.76523796759625,333.21611049999973,327.86923,345.86047
2025-12-20,GHI_hora_15h,352.7017,366.2242760077479,306.80407749999995,308.7105,354.79346
2025-12-21,GHI_hora_15h,333.9945,262.6175837949374,274.6178724999999,241.26253,345.77682
2025-12-22,GHI_hora_15h,447.0936,389.824106971262,386.2652060000002,332.60797,320.03497
2025-12-23,GHI_hora_15h,491.7041,434.94366492571385,400.05028150000044,381.47693,346.66452
2025-12-24,GHI_hora_15h,487.4061,421.77302388956434,411.3928720000004,385.7891,370.05524
2025-12-25,GHI_hora_15h,481.6919,400.66926257490917,416.37636000000003,412.3809,383.8561
2025-12-26,GHI_hora_15h,369.795,462.2391239591915,405.3727515000005,405.30386,393.57715
2025-12-27,GHI_hora_15h,407.4068,385.60367028318575,393.9487149999999,424.31,390.19373
2025-12-28,GHI_hora_15h,517.8052,444.47130515035485,422.8573285000004,429.98087,390.3652
2025-12-29,GHI_hora_15h,452.2973,462.8125450785572,414.23409500000054,390.54745,413.53827
2025-12-30,GHI_hora_15h,497.4019,486.7033815547494,423.8274989999998,448.77295,414.86768
2025-12-31,GHI_hora_15h,535.1949,403.18602803984106,382.22548799999987,329.96738,427.45068
2025-10-20,GHI_hora_16h,301.6029,253.64573405122775,260.4125774999995,265.70258,257.23477
2025-10-21,GHI_hora_16h,270.6933,267.3084923352108,257.57999849999965,273.87057,261.48996
2025-10-22,GHI_hora_16h,80.905,124.1625540447175,149.5398035,156.30045,259.39276
2025-10-23,GHI_hora_16h,211.2949,244.74872337712708,231.48784199999977,239.09003,192.85019
2025-10-24,GHI_hora_16h,149.3935,214.46168353681446,226.23470250000014,234.80614,211.7098
2025-10-25,GHI_hora_16h,145.5071,135.7294270009636,151.55493500000003,140.78786,191.60844
2025-10-26,GHI_hora_16h,141.8019,165.52909965392251,183.32014199999983,201.61584,176.85562
2025-10-27,GHI_hora_16h,162.2052,104.8572783906983,164.24860749999982,218.0375,160.54413
2025-10-28,GHI_hora_16h,147.2033,99.7907502753869,213.18229999999983,193.71577,153.03879
2025-10-29,GHI_hora_16h,187.7958,174.33255273899917,187.28462549999986,161.03033,182.16505
2025-10-30,GHI_hora_16h,221.406,213.6160510324283,214.53756350000018,197.89981,206.95297
2025-10-31,GHI_hora_16h,94.7048,133.67420833942936,191.68448750000033,192.80234,235.86108
2025-11-01,GHI_hora_16h,158.1048,103.23584639203372,158.48998999999992,149.5877,187.25174
2025-11-02,GHI_hora_16h,149.8052,111.74024627618778,219.60760349999987,218.41089,192.33125
2025-11-03,GHI_hora_16h,169.5991,164.9217601561719,192.1287134999999,168.98994,206.02556
2025-11-04,GHI_hora_16h,179.3973,222.98175028317232,231.86799700000014,219.83713,218.34158
2025-11-05,GHI_hora_16h,202.6989,166.59066052798465,186.88338800000002,163.79175,234.87553
2025-11-06,GHI_hora_16h,212.6947,216.88060845366684,234.0576055000001,222.90514,241.29808
2025-11-07,GHI_hora_16h,275.7983,220.14840934038656,236.0568490000001,225.74556,257.89038
2025-11-08,GHI_hora_16h,137.2075,149.45621452885192,187.79551250000023,179.67885,276.78854
2025-11-09,GHI_hora_16h,136.0054,204.27749187120818,233.6139735000002,241.94646,232.21631
2025-11-10,GHI_hora_16h,173.6008,174.67944050422795,183.29017099999976,201.37802,202.5251
2025-11-11,GHI_hora_16h,230.6937,205.3406187469489,235.60308350000014,239.66814,190.25381
2025-11-12,GHI_hora_16h,160.9043,165.4888277328863,226.49045350000014,262.68326,205.51045
2025-11-13,GHI_hora_16h,194.4981,154.8171775756022,190.30311699999973,212.26715,178.3338
2025-11-14,GHI_hora_16h,197.5939,235.65472475422362,245.2058024999998,255.07515,163.27003
2025-11-15,GHI_hora_16h,218.1948,228.7389827538335,243.43546049999983,252.96617,185.45395
2025-11-16,GHI_hora_16h,285.2012,257.705273118081,268.0901529999995,273.46698,194.38954
2025-11-17,GHI_hora_16h,115.6021,146.43999263184833,181.75563150000008,178.26048,227.36952
2025-11-18,GHI_hora_16h,117.2983,132.24549825845622,174.27222350000014,189.83737,180.56606
2025-11-19,GHI_hora_16h,183.5965,245.38189847811387,254.79064399999962,249.42242,143.81235
2025-11-20,GHI_hora_16h,255.9055,270.4393082533622,267.1620449999994,273.7305,179.55057
2025-11-21,GHI_hora_16h,228.7999,236.5765300570068,247.82315199999985,248.74846,214.73087
2025-11-22,GHI_hora_16h,177.4048,255.73515447709673,268.6601784999996,273.01288,213.16455
2025-11-23,GHI_hora_16h,166.5033,208.11477047318508,243.64928450000008,250.95988,207.24432
2025-11-24,GHI_hora_16h,224.3043,179.05305694898513,201.96321000000003,215.24364,192.35464
2025-11-25,GHI_hora_16h,182.2956,223.61992874244672,250.53304449999982,256.71674,186.89534
2025-11-26,GHI_hora_16h,210.3069,260.24210634435724,258.2955179999997,265.61795,195.95642
2025-11-27,GHI_hora_16h,202.9953,184.71240865118827,201.0038110000002,222.4543,197.27368
2025-11-28,GHI_hora_16h,143.8933,145.3719746774075,180.99532950000034,186.52437,193.7906
2025-11-29,GHI_hora_16h,66.1007,109.31074356094732,168.60204849999982,198.5258,171.06677
2025-11-30,GHI_hora_16h,97.2079,130.13246623457042,164.35243850000015,166.5458,127.74116
2025-12-01,GHI_hora_16h,77.2986,126.84138423982802,162.69612049999995,159.07117,123.0239
2025-12-02,GHI_hora_16h,106.1991,93.24932311583879,155.66959250000008,163.96591,135.47905
2025-12-03,GHI_hora_16h,90.9996,110.29776783478965,158.8125049999998,158.35971,153.54929
2025-12-04,GHI_hora_16h,82.9964,119.82713764109627,174.22002599999988,177.20297,157.46101
2025-12-05,GHI_hora_16h,205.9924,149.45007805450416,227.66056049999995,212.84721,171.60475
2025-12-06,GHI_hora_16h,172.8927,154.864384539235,179.0715090000003,175.93935,221.70981
2025-12-07,GHI_hora_16h,214.1932,187.9862097647653,172.46301899999983,202.29636,212.7552
2025-12-08,GHI_hora_16h,208.5943,167.09945265007337,196.85727000000028,153.27351,216.52994
2025-12-09,GHI_hora_16h,255.0986,243.94738388820448,245.3703929999999,222.18384,218.13425
2025-12-10,GHI_hora_16h,310.5942,217.22408936802725,247.18684750000008,222.65897,239.96417
2025-12-11,GHI_hora_16h,121.7939,167.8283303585685,184.91303450000004,151.93536,250.6473
2025-12-12,GHI_hora_16h,160.3938,190.90332997817643,183.73817649999992,170.0909,211.88092
2025-12-13,GHI_hora_16h,170.7025,169.7137089432207,177.5704204999999,148.04605,203.45657
2025-12-14,GHI_hora_16h,223.8926,168.67765150015282,164.6079184999999,148.27661,197.7339
2025-12-15,GHI_hora_16h,250.8006,215.80359847652684,223.17924949999997,199.23174,205.26201
2025-12-16,GHI_hora_16h,298.7046,268.4047147723734,261.3890224999998,224.21182,235.7897
2025-12-17,GHI_hora_16h,255.8067,210.95652882103494,246.02564600000008,244.94572,258.65475
2025-12-18,GHI_hora_16h,212.8923,174.37051566573533,194.25852450000028,175.35426,238.24829
2025-12-19,GHI_hora_16h,252.5955,236.44809220947005,248.8424065000001,222.6463,209.90375
2025-12-20,GHI_hora_16h,193.0983,211.22640883947795,222.02692950000008,191.44098,230.70969
2025-12-21,GHI_hora_16h,234.2013,168.24900691542112,186.62277900000024,187.11676,210.77202
2025-12-22,GHI_hora_16h,289.8945,255.12028305623096,249.30440599999986,222.60513,192.55289
2025-12-23,GHI_hora_16h,253.9953,279.20240686782,256.9586054999999,230.29092,235.75507
2025-12-24,GHI_hora_16h,289.104,265.527281824773,249.59423449999977,216.3501,245.95259
2025-12-25,GHI_hora_16h,212.2995,275.679876531114,241.29913350000004,239.79335,253.75833
2025-12-26,GHI_hora_16h,257.3052,293.8765958690873,267.6478429999998,234.90039,254.64973
2025-12-27,GHI_hora_16h,299.9067,244.12564426201246,239.62669500000027,225.49455,252.2842
2025-12-28,GHI_hora_16h,344.2044,302.67584695102687,272.31046649999996,261.23032,263.4291
2025-12-29,GHI_hora_16h,242.3033,299.3509909552096,264.6492775,237.1896,284.1632
2025-12-30,GHI_hora_16h,340.8944,311.94907946374485,271.9732874999996,250.12405,270.1916
2025-12-31,GHI_hora_16h,336.6952,254.48458526060247,240.4909950000001,226.39334,280.612
2025-10-20,GHI_hora_17h,72.803,66.49524549687983,65.26257649999998,66.117485,67.88438
2025-10-21,GHI_hora_17h,64.7998,64.61712391957929,65.78311349999998,63.489574,69.08135
2025-10-22,GHI_hora_17h,15.7924,21.509851250747914,49.51902549999999,50.462433,66.33303
2025-10-23,GHI_hora_17h,46.3067,60.037031577466934,60.48123249999993,62.015907,50.683823
2025-10-24,GHI_hora_17h,50.0942,53.50026136839588,57.384587499999974,51.690144,54.171635
2025-10-25,GHI_hora_17h,30.5967,32.881779087776046,57.069314499999976,55.152782,46.4763
2025-10-26,GHI_hora_17h,44.6929,29.676045308715658,59.92149249999995,57.02052,39.45542
2025-10-27,GHI_hora_17h,25.7058,15.414876528764523,41.18817249999998,48.497284,32.68597
2025-10-28,GHI_hora_17h,33.5938,9.48695283874926,44.42718050000001,50.04688,26.162384
2025-10-29,GHI_hora_17h,42.5027,38.39855206774399,60.37237499999991,61.989285,30.16974
2025-10-30,GHI_hora_17h,53.4042,48.661191382254465,57.973645000000005,66.498215,38.65526
2025-10-31,GHI_hora_17h,35.998,28.117673142137917,54.336447499999956,51.715374,49.72051
2025-11-01,GHI_hora_17h,33.0009,17.050202536076284,46.81175100000003,36.519848,40.28337
2025-11-02,GHI_hora_17h,29.2957,10.386185549086733,48.88757450000002,55.40448,42.158764
2025-11-03,GHI_hora_17h,52.8937,30.855175162994698,57.665933499999944,64.28855,41.679066
2025-11-04,GHI_hora_17h,56.5001,44.10265922238583,57.79175849999999,58.65047,52.42186
2025-11-05,GHI_hora_17h,33.495,33.02435112479649,55.10827699999989,62.818535,60.24669
2025-11-06,GHI_hora_17h,52.1033,45.781512981391565,56.885057,70.37308,56.923557
2025-11-07,GHI_hora_17h,67.4016,40.30033283098641,57.62534999999996,76.1984,63.847744
2025-11-08,GHI_hora_17h,34.7959,33.11471365057125,59.688479499999985,55.184998,67.57257
2025-11-09,GHI_hora_17h,64.9974,44.686624791495,61.91785899999991,60.974392,57.079987
2025-11-10,GHI_hora_17h,44.907,40.01701998310618,59.297213,52.13374,56.1282
2025-11-11,GHI_hora_17h,46.4055,47.10423268508789,57.39940799999994,62.00496,49.526363
2025-11-12,GHI_hora_17h,33.2974,29.56026137266653,55.03944649999996,47.678513,45.99589
2025-11-13,GHI_hora_17h,49.3038,38.315773246894466,60.93565249999993,60.517094,31.043142
2025-11-14,GHI_hora_17h,54.7052,52.94645699793084,56.02223249999994,48.189445,28.781033
2025-11-15,GHI_hora_17h,60.9958,53.90194745084695,57.990009499999985,55.84849,28.960127
2025-11-16,GHI_hora_17h,68.9002,68.91703338258121,63.89799499999997,66.54952,31.57711
2025-11-17,GHI_hora_17h,11.0991,21.742652647000924,54.035580999999965,48.874317,46.67633
2025-11-18,GHI_hora_17h,44.5941,27.128161593050763,59.99683199999995,57.02052,27.78122
2025-11-19,GHI_hora_17h,53.997,61.20074620429129,61.12338399999996,75.00415,24.478407
2025-11-20,GHI_hora_17h,59.596,70.79628095987765,62.36437699999994,64.24916,37.324608
2025-11-21,GHI_hora_17h,54.5075,62.25914667293485,64.52260749999998,65.8352,40.57005
2025-11-22,GHI_hora_17h,33.5938,68.81848871848206,62.06186649999995,64.63247,41.62748
2025-11-23,GHI_hora_17h,33.495,44.98100922156049,62.73662349999993,65.651764,42.65746
2025-11-24,GHI_hora_17h,44.1989,37.915052625741986,61.11522949999992,59.37238,33.413784
2025-11-25,GHI_hora_17h,56.0061,56.46725847533017,61.383810499999896,68.08157,27.79277
2025-11-26,GHI_hora_17h,61.4074,67.39439056983404,62.044327499999945,60.680546,36.341686
2025-11-27,GHI_hora_17h,35.2076,53.74546118249481,59.11292949999999,56.86816,37.50103
2025-11-28,GHI_hora_17h,30.9919,40.4927755983739,62.64127099999989,52.999676,36.354424
2025-11-29,GHI_hora_17h,29.8062,15.555238652802558,44.53988350000008,43.759617,29.920942
2025-11-30,GHI_hora_17h,27.3032,26.499357195656998,54.946396499999985,54.214954,17.576262
2025-12-01,GHI_hora_17h,30.0038,21.188686405846795,46.1407785,44.05146,15.860506
2025-12-02,GHI_hora_17h,30.2015,6.201580333906662,45.31107250000003,41.03567,15.404494
2025-12-03,GHI_hora_17h,62.5931,10.414194328723326,44.70893650000003,50.67211,13.446284
2025-12-04,GHI_hora_17h,30.9919,18.32135350661791,49.981097500000025,53.67237,30.424988
2025-12-05,GHI_hora_17h,35.0923,25.149993124176184,53.35282250000002,63.88448,40.39919
2025-12-06,GHI_hora_17h,53.7006,34.00067812187304,57.57189999999994,58.914043,48.00669
2025-12-07,GHI_hora_17h,60.2053,43.873264769300604,58.808787499999944,57.34989,47.971264
2025-12-08,GHI_hora_17h,52.3997,44.318652576093555,57.647652999999934,55.37191,51.17734
2025-12-09,GHI_hora_17h,81.6954,69.87387077294184,58.28354649999999,63.995483,50.440384
2025-12-10,GHI_hora_17h,78.9948,56.936694940858054,64.427745,63.66425,61.056747
2025-12-11,GHI_hora_17h,51.9057,41.5874534541302,57.619988999999975,54.088253,60.49818
2025-12-12,GHI_hora_17h,44.6929,50.593244565743255,53.771856999999976,54.111374,56.010532
2025-12-13,GHI_hora_17h,50.5059,46.59975444352389,56.474587999999954,65.53088,52.808437
2025-12-14,GHI_hora_17h,53.7994,40.161461535116594,55.21465149999995,54.175724,46.210003
2025-12-15,GHI_hora_17h,97.8007,61.60544390019043,57.10167299999998,60.046593,45.213093
2025-12-16,GHI_hora_17h,101.9999,76.24970918954666,79.55786400000007,79.452095,62.248566
2025-12-17,GHI_hora_17h,70.2011,62.35359675905829,73.61901199999998,67.25139,74.05404
2025-12-18,GHI_hora_17h,78.7972,54.84260014866426,61.5496415,54.572018,68.614784
2025-12-19,GHI_hora_17h,84.1985,64.49077615058454,61.64012399999996,63.66425,64.21945
2025-12-20,GHI_hora_17h,81.4978,56.85881586300704,62.25189950000003,62.08721,68.31945
2025-12-21,GHI_hora_17h,52.6961,46.61955699657594,59.91886050000008,50.615364,63.348267
2025-12-22,GHI_hora_17h,102.3951,77.0920621411978,71.21443000000004,73.92011,52.09654
2025-12-23,GHI_hora_17h,111.7981,79.4176127628653,86.01420950000006,80.13152,65.993454
2025-12-24,GHI_hora_17h,90.7032,76.63710914558861,86.84737850000005,74.1192,74.712204
2025-12-25,GHI_hora_17h,100.1061,84.30008849002378,81.6664465,75.460556,75.859985
2025-12-26,GHI_hora_17h,84.0009,93.17059433958396,89.15490000000011,79.73488,84.787094
2025-12-27,GHI_hora_17h,93.1074,72.43658974002985,74.46848800000001,72.77636,81.27731
2025-12-28,GHI_hora_17h,127.0964,100.0564387822823,90.90671550000012,84.60385,78.725784
2025-12-29,GHI_hora_17h,116.3925,92.73300367752151,94.47531250000014,86.229996,93.11596
2025-12-30,GHI_hora_17h,115.7997,98.14399405006318,105.65035050000019,96.8906,90.39107
2025-12-31,GHI_hora_17h,133.8975,83.30319082952222,96.74502150000014,92.35508,97.78242
